"CustomerID","Age","AnnualIncome","SpendingScore","Gender","PreviousCampaignResponse"
1,48,57510.4110418156,13.1188125481725,"Female",1
2,32,53623.7112388387,46.1899278411417,"Male",0
3,68,44148.511300775,29.4132020745802,"Female",0
4,31,58159.5948255796,61.8062207834196,"Male",0
5,20,47330.6340642662,41.2210190198379,"Male",1
6,59,45282.7933684527,69.9269509752668,"Female",0
7,67,48881.9486880972,83.5018380136933,"Female",1
8,71,51387.5268016094,83.0202456374524,"Female",0
9,60,51085.8179297082,46.0634563723838,"Female",0
10,54,38749.6988305335,33.9108740706808,"Male",1
11,69,51205.9549024826,47.237855978532,"Female",0
12,31,51498.179345312,22.3293547019488,"Male",0
13,71,48686.0165878522,75.0661296335153,"Male",0
14,42,55816.1590016981,12.6245002948201,"Male",0
15,43,50533.2687012529,25.8266437258788,"Female",0
16,44,35665.2333236167,61.6283131644303,"Male",0
17,22,27770.0935032563,56.8737824464281,"Female",1
18,68,74380.0304736905,67.3734207577069,"Female",1
19,44,59412.6510915327,31.0751773488715,"Female",1
20,74,50989.4929854847,17.8204942662699,"Male",1
21,45,44065.4961141077,70.0176346178418,"Male",1
22,74,43047.0506350604,61.5077902148556,"Male",0
23,26,55703.5333670774,94.8098719619612,"Female",1
24,46,40577.9183514695,28.5540961608168,"Female",0
25,52,46679.0106044028,13.2733493145597,"Male",0
26,25,55626.1127140257,66.2224560481661,"Female",1
27,43,39009.1454853977,82.5716644307742,"Female",0
28,24,51559.4842255223,46.61322480825,"Male",0
29,59,60317.8717583634,67.1705028793324,"Female",0
30,26,58433.2403184346,41.1680644232478,"Female",0
31,79,53290.1483330337,71.7171673506876,"Female",0
32,36,31183.212889765,57.4435755653854,"Female",0
33,53,46293.1121968941,60.0793006961168,"Male",1
34,31,40534.6086141929,23.7525872469788,"Female",0
35,34,47815.9059453552,35.9301727043799,"Male",1
36,60,43928.9375057014,38.5754128706423,"Female",0
37,56,31093.6608676837,44.919807075619,"Male",0
38,70,49501.6374865007,22.0160673510468,"Male",0
39,29,35882.0850574313,62.6076978422115,"Male",0
40,32,38708.4531256924,31.8327411575295,"Male",0
41,49,56969.9980030005,55.8279868526919,"Male",1
42,59,53174.607258869,17.7258392291615,"Male",1
43,62,41580.6360738764,31.7659090012075,"Male",0
44,24,56060.6049364322,91.8806433919862,"Male",0
45,26,56564.6810865877,61.215741733028,"Male",1
46,58,50737.7616813237,51.2905975089278,"Male",1
47,27,65351.9748346766,27.1728460261141,"Male",1
48,40,54139.1629798968,36.2575908890033,"Female",0
49,44,59397.6749297741,30.4128316100365,"Male",0
50,77,47238.8216777802,59.2103789328333,"Female",1
51,70,43074.8903541088,90.8803052156028,"Female",0
52,24,65363.2108718855,81.4041801075313,"Female",1
53,70,51727.3148468859,53.4238044144937,"Male",1
54,44,41323.9619313964,41.7982856134687,"Female",0
55,49,45140.9677790455,78.3076029388377,"Female",1
56,55,34284.778059704,74.3309935105568,"Male",1
57,42,51721.4442901882,46.1544686228107,"Male",0
58,51,51631.3641304831,85.8277505551096,"Female",1
59,46,59141.5585390096,59.3730252033543,"Female",0
60,22,51706.445654444,34.3032772543189,"Male",1
61,25,56822.0144835946,30.2497664386198,"Female",0
62,29,44407.9315423596,35.8021306693553,"Male",1
63,80,43555.6306997348,58.8510241326863,"Male",1
64,30,47605.1272342159,41.3559531749493,"Male",0
65,35,66824.4409307398,40.0823542236529,"Male",0
66,50,47611.8692615591,26.7979103444543,"Female",0
67,74,53276.3138609641,78.6016923637083,"Male",1
68,44,39147.6817349909,50.0729505147172,"Female",0
69,42,52510.5955085932,69.7195029516634,"Male",1
70,55,63980.7514676637,35.9927253572788,"Male",1
71,38,46733.8287666521,28.1690090171178,"Male",1
72,32,60553.6123399935,23.63208655054,"Male",1
73,58,41935.7201840906,59.170110584146,"Female",1
74,64,41844.0358882561,44.6695547098799,"Male",1
75,43,42985.2157971469,35.112226790472,"Female",1
76,77,35423.5456928761,65.3242398302765,"Female",0
77,48,44377.05273156,50.5570284697635,"Male",0
78,33,69178.0304893928,32.2714276847717,"Female",1
79,69,47513.4506312144,14.6903813436219,"Female",0
80,47,63806.437470198,68.6095377830194,"Female",0
81,23,51206.0708926951,7.15755146860418,"Female",0
82,60,47395.1801239994,22.9047592731435,"Male",1
83,25,53448.4993567197,69.5636695096081,"Female",1
84,39,41953.9295554816,70.9757034124064,"Female",0
85,39,61085.5609175578,41.7336720842569,"Male",1
86,56,38969.2083852145,57.1274992831094,"Male",0
87,48,58011.3042344566,40.1464989008024,"Female",1
88,65,52385.5062431861,64.0743885805357,"Male",1
89,34,51385.0185973333,59.7917622283886,"Male",1
90,71,57262.803003994,76.4197056410204,"Male",1
91,67,41410.0427495119,64.5208850061895,"Male",0
92,66,37724.1606444348,51.1338024968319,"Female",0
93,51,47081.4459871602,33.6943681119503,"Male",0
94,21,62127.3672821981,52.1287703161334,"Female",1
95,30,55771.8220587601,41.3854042854031,"Male",1
96,22,72804.2842096717,46.1534599419019,"Female",1
97,71,39958.8991513162,56.430311632491,"Female",1
98,80,51059.4823900415,55.4059751610847,"Male",1
99,68,80571.2529589377,15.7969912895257,"Female",1
100,42,50197.4265105591,56.4551761618011,"Male",0
101,69,58914.9575346898,44.7819905731765,"Female",1
102,39,58494.4344240786,43.8061700089177,"Male",0
103,42,66109.0482414801,1.08399808652601,"Female",1
104,49,50552.9994605626,21.0593618416344,"Female",1
105,63,62053.964476066,54.3475560211052,"Male",1
106,42,32537.1550887016,61.3114463653633,"Female",1
107,40,42481.2695563049,58.9927210592515,"Female",0
108,52,50776.2224626257,53.580744904314,"Female",0
109,57,44098.9485552413,42.1642931776926,"Male",0
110,65,52242.1828464607,51.5903245116528,"Male",1
111,47,32843.9605673914,50.5177500732098,"Male",1
112,29,55352.2775997324,54.766880784774,"Male",0
113,48,45074.6053197693,56.480498114576,"Female",0
114,74,45371.7272340008,53.3869907308247,"Female",0
115,63,48496.4393077092,78.1626352617666,"Female",0
116,47,44150.2958071032,70.1983602586832,"Male",1
117,52,32734.9180348429,55.1078562027419,"Female",1
118,31,56040.2495866598,63.30179777734,"Male",0
119,46,50268.7698971858,-1.78276543474445,"Male",0
120,49,19530.3343101813,45.1216614237809,"Male",1
121,24,61075.2770969264,27.8807538969454,"Female",0
122,20,43083.2487947481,75.6147473797745,"Female",1
123,40,51957.0964046415,50.3222330013675,"Female",0
124,71,52922.5442823881,36.5273902784082,"Male",0
125,75,39481.0361898568,58.3434586582049,"Female",1
126,32,34903.0560123234,86.3136502715597,"Male",1
127,38,65327.1831917741,38.6308733091939,"Female",1
128,54,69236.9366111953,41.8025117840552,"Female",1
129,25,55984.4343789078,39.7512955762756,"Female",1
130,68,51666.6305403805,38.5551504461236,"Male",0
131,27,51371.9883747321,68.056551692378,"Female",1
132,67,53137.0951036217,35.0397612354218,"Female",1
133,59,47264.0121892831,48.3980197892159,"Female",1
134,61,60484.328670222,28.8943696325621,"Female",1
135,51,56938.0585178709,55.440728754678,"Female",1
136,27,44049.32013505,46.0943640067444,"Female",1
137,39,51238.4194319445,24.3280141337069,"Female",1
138,80,50375.2209196324,37.1631810046366,"Female",0
139,29,50659.0323287155,30.5867351399776,"Female",1
140,37,60283.512146811,24.1530762069629,"Male",1
141,63,44851.39277111,32.7459196370995,"Female",0
142,34,56232.7642476239,6.76268431337576,"Male",1
143,79,51739.5309364207,77.3615394743594,"Female",1
144,63,49652.1911525985,40.0632031402674,"Female",1
145,71,59808.2356514927,53.1274893393709,"Male",1
146,52,51385.9221032178,50.8486188911225,"Female",1
147,57,39038.304937405,55.9965767021262,"Female",1
148,63,37162.9119232215,50.4356382580147,"Male",1
149,68,46574.8090910529,65.0751197928426,"Male",1
150,47,42836.0129227623,71.3452723592736,"Female",1
151,32,37606.5473300245,36.6120736008531,"Male",1
152,41,43414.9139824155,20.0301326708225,"Female",1
153,66,31736.8649521833,54.8733751798638,"Female",1
154,40,45813.9607688585,47.6079571252209,"Female",1
155,60,46337.9598892478,33.8479422200447,"Female",1
156,24,47059.9888655833,51.8263605456739,"Male",0
157,46,49768.7736705462,68.5152185790716,"Female",1
158,32,53623.9938438596,51.0758087075525,"Female",0
159,40,45332.8561725452,25.50862209866,"Female",0
160,43,52985.1361023957,56.3538046224763,"Female",1
161,55,40472.9185316166,27.0910403862822,"Male",0
162,63,56675.4057865239,55.4787168386651,"Female",0
163,80,50872.3853927723,54.0698233740394,"Female",1
164,49,48907.9055244167,80.2472465865497,"Male",0
165,24,43225.0780280145,46.1958546408557,"Male",0
166,44,66988.2265641786,64.6796401821294,"Female",0
167,59,53858.3100219538,67.7087737308321,"Female",0
168,22,52467.5702879337,45.8257860563729,"Male",1
169,23,24130.6824350468,20.6139933100933,"Female",0
170,33,30368.9697971156,49.2932079477095,"Male",1
171,41,49386.9517170134,55.9980289526935,"Female",1
172,49,58952.5253756365,57.8327423280828,"Female",0
173,38,49719.4122851882,53.4805986777531,"Female",0
174,72,40002.5298335008,45.7608442269631,"Female",0
175,28,48403.9603939739,71.8120596575568,"Female",0
176,53,44723.0635205207,49.3952376574578,"Female",1
177,61,52161.5645613817,48.1838537948779,"Female",1
178,63,40810.4501950103,59.1451101372742,"Female",1
179,77,40994.0534527018,57.8520882398484,"Female",1
180,78,52886.0879088813,85.1942077990704,"Female",1
181,36,59288.8479404592,75.879913896558,"Male",1
182,42,66730.4721204006,69.6517524330991,"Male",1
183,56,52855.1442388003,55.2440290508588,"Male",0
184,71,46274.1755905897,37.3159672888785,"Female",0
185,43,35661.1724395836,28.2390762283317,"Male",0
186,26,41155.3207989626,31.3396775772836,"Female",1
187,24,61241.82940998,32.7370829957852,"Female",0
188,51,42771.9420338049,60.0476440821623,"Male",1
189,65,54626.6495709245,38.7040990902821,"Male",0
190,30,46874.4647046548,46.4701700162073,"Female",1
191,36,58482.5449711969,76.4280635376551,"Female",0
192,73,49146.804234836,55.4513615102424,"Female",0
193,69,42846.5490472902,50.2211243201765,"Male",1
194,64,42633.0393233902,34.3890745383368,"Male",0
195,56,49927.7736100861,35.9779883481754,"Female",0
196,21,57004.778704583,34.8127026608031,"Female",1
197,18,66263.923450496,46.5948019142359,"Female",1
198,57,66246.6089677269,36.8742830843837,"Female",0
199,47,64186.8529864272,53.1508846834299,"Female",1
200,47,40095.0658051749,71.8682952043811,"Female",0
201,69,56133.6824520346,56.0208486181448,"Male",0
202,42,45111.7376905144,38.8302122427923,"Male",1
203,33,45774.1271865499,28.4924824767873,"Female",1
204,41,52032.4567624433,54.0157474473838,"Male",0
205,71,64952.2999071037,51.6804056909063,"Male",0
206,28,37147.1484718837,31.4720260093444,"Male",1
207,65,71465.104130902,57.7340142143674,"Female",1
208,37,48373.5445903311,63.2083578520665,"Female",1
209,57,44766.1785595813,44.4782393881617,"Female",1
210,20,58434.4686610435,56.2564428232107,"Male",1
211,46,46986.9166586981,36.2850096426927,"Male",0
212,53,60878.4150806942,95.364089148684,"Female",1
213,69,50409.3482029669,16.1567895051158,"Male",1
214,61,52865.3525171629,61.7567502790699,"Male",1
215,39,49958.8659330751,51.3281571591709,"Male",0
216,66,56868.1320375193,21.9068775209463,"Male",1
217,59,48553.204203841,43.1440492956635,"Female",0
218,76,43879.2206538724,35.7348596343487,"Male",1
219,37,56305.6537820201,40.0757885279517,"Female",1
220,28,38072.9742704081,36.5675748875009,"Female",1
221,74,58349.6744832243,43.3690108457122,"Female",0
222,72,55973.2811530528,53.4255223041892,"Female",1
223,25,38191.8730916746,30.4121535777997,"Male",0
224,63,56674.7178228648,56.4198814037954,"Female",0
225,38,41218.004608957,31.7625769016818,"Male",1
226,62,60974.7131611723,76.4173085599059,"Male",0
227,19,39089.6156409688,47.1060289452885,"Female",0
228,60,49070.2446880175,30.5799097154551,"Female",0
229,30,34904.167951349,44.7185840143155,"Male",1
230,63,47361.0805169941,64.7662090469841,"Male",0
231,23,55986.5754118509,56.6474923055679,"Female",0
232,74,83043.2984433945,43.1182771710639,"Male",0
233,25,59471.047777066,84.1118549458772,"Female",1
234,61,37845.9847534079,56.1339807260678,"Female",1
235,49,58921.7537091975,45.3238761244708,"Male",0
236,75,33385.7963037874,38.5524833260152,"Male",1
237,53,47963.500404222,73.7615781492234,"Female",1
238,62,59570.7008552071,60.9642180241512,"Female",0
239,78,27272.8778622065,19.5553963555726,"Female",1
240,31,57247.2514136797,70.5735451658435,"Female",1
241,70,58853.34026805,65.7838740700116,"Female",1
242,33,41610.8888309782,56.8187518846675,"Male",1
243,40,48428.1805989522,20.1126663356927,"Female",0
244,78,72572.3497722318,45.4891281341419,"Female",0
245,50,42631.768218471,43.8452595121701,"Male",1
246,57,51424.3640134208,53.5533416412554,"Male",0
247,57,48328.6329908169,5.48673155061677,"Female",0
248,27,52452.1338132477,69.4948190475864,"Female",0
249,42,67126.1886001813,18.641722123919,"Male",0
250,25,42371.2374899316,44.1973032919474,"Female",0
251,35,47980.6285834306,28.2867506233147,"Female",0
252,78,46956.9553524634,40.2561457737416,"Male",0
253,70,41273.4679795595,32.3445443809614,"Female",0
254,26,27890.7389202825,53.7370373664494,"Female",0
255,24,48305.5699912117,46.7272189734714,"Female",1
256,24,28010.7278613826,48.2338883842704,"Male",0
257,75,47940.4843801531,62.7183491869658,"Male",0
258,78,42271.1015593034,69.9227521943734,"Male",1
259,77,55094.0929253235,71.7345959920571,"Female",0
260,27,47833.4928926836,59.537752297916,"Female",1
261,41,43255.5740766678,45.0636914723459,"Female",0
262,80,42673.7219644443,32.4129825554775,"Male",0
263,71,49406.7029218878,26.5046971716802,"Female",1
264,40,57505.2612388538,76.2706126650303,"Male",0
265,43,51329.3212551269,52.0326991214673,"Male",0
266,60,44092.2134744716,88.355119527682,"Male",0
267,50,48128.1701474246,65.4411051552094,"Male",0
268,74,69781.8430063227,62.1635874359292,"Male",1
269,78,36498.5388411037,47.0038272035228,"Male",0
270,46,47354.7931429931,68.0590756953959,"Female",1
271,68,45281.0115344024,70.1372370787725,"Female",1
272,27,44308.1384780945,7.9108224549017,"Female",1
273,70,73327.1944293544,48.8927414140536,"Male",0
274,71,45109.5565963516,47.1451474369464,"Female",1
275,30,42308.7572919257,58.9636479063622,"Female",0
276,60,40338.0095502693,88.7567708331455,"Female",0
277,28,62680.5006975467,88.6096557513051,"Male",1
278,42,61033.323027916,62.7515276793852,"Male",0
279,69,30776.9501785155,57.5708455451251,"Female",1
280,43,46379.5792871083,102.883430871797,"Female",0
281,24,56622.4719482423,64.5031460245049,"Female",1
282,42,48334.5700792292,23.8107580734678,"Female",1
283,40,49950.2487970215,32.6227356035097,"Male",0
284,43,36191.132096257,49.7286228648828,"Male",1
285,49,37434.7311845488,69.9894417947957,"Female",0
286,37,53252.4572090829,38.2221966181137,"Male",1
287,78,47229.9946848313,60.8738492595198,"Male",1
288,41,46109.8899578838,23.2466524725402,"Female",1
289,74,62103.93907181,55.861106140732,"Female",0
290,26,52349.1659151403,44.5953632772107,"Female",1
291,58,35653.2153893706,76.2010449761393,"Female",1
292,54,40782.7787110637,83.8637751859825,"Female",0
293,40,44579.0405401822,53.0062838495106,"Male",0
294,31,38487.8741725673,56.2910864913412,"Male",0
295,63,59175.5742464739,48.9601113652863,"Male",0
296,23,33133.4273831959,69.122180551404,"Male",0
297,44,38641.4722553501,53.8781438180851,"Male",0
298,18,49236.413195524,39.0393798086101,"Male",1
299,43,56140.013649427,56.1192745135438,"Female",1
300,59,72771.0648926263,35.5446006297593,"Female",1
301,66,47292.3186078729,30.9916297513279,"Female",1
302,75,46024.5751274183,54.2612747100038,"Male",0
303,34,42582.9141772482,62.1899432383685,"Male",1
304,46,30204.4689695186,58.8477593388175,"Male",0
305,43,57210.9881959061,42.8612076870547,"Male",1
306,44,60400.0787090448,85.0383345173624,"Male",0
307,38,41105.7836047557,33.0235418115557,"Male",1
308,24,62444.974615112,49.2630190075591,"Female",0
309,77,50102.5938485534,41.1047295769904,"Female",1
310,70,53971.7634917215,59.5703622964975,"Female",0
311,43,62373.2336622482,48.4427511941725,"Male",1
312,58,43489.3549030861,49.9278075279238,"Female",1
313,37,58315.1619131401,59.7966203487427,"Female",0
314,23,59505.0325204365,25.702750593618,"Female",1
315,67,65865.2089477829,46.0580630872491,"Female",0
316,47,65535.6294847361,84.1730179817428,"Female",1
317,48,61484.4657211635,34.8079723286347,"Male",0
318,46,37167.3232395981,69.4473913090063,"Female",1
319,34,55894.5527744203,29.3631923412114,"Female",0
320,54,47016.3390081844,65.3717325320193,"Male",1
321,74,50537.8126712045,56.0257011992007,"Female",1
322,37,62013.0826298456,58.4912116129745,"Female",0
323,52,57865.5211945924,50.1314211335327,"Female",0
324,42,32155.8549925627,64.8259549702385,"Male",1
325,63,53639.9719792237,81.1801497482239,"Male",1
326,50,47468.1522878601,41.6566249693517,"Male",0
327,19,47220.2811294386,41.5935407399775,"Female",0
328,21,44361.3115875257,63.9437172892546,"Female",1
329,27,51479.5976129363,45.7807678216824,"Female",1
330,50,56597.1597587706,80.821709951293,"Female",1
331,22,54029.1864431105,55.6966391932605,"Male",1
332,70,53409.6912537431,56.4392275216276,"Male",0
333,42,44316.4081221549,28.6294786251346,"Male",1
334,25,50979.6349863651,78.5143172371863,"Male",1
335,72,45570.9309726619,73.9914040046781,"Female",1
336,42,31922.6040435858,16.4392718625977,"Male",1
337,38,52450.9075421252,86.5761232684484,"Male",1
338,62,66730.0788513692,39.2958228783009,"Female",1
339,35,36167.0584868694,33.2867871800081,"Female",1
340,59,61496.0464876736,34.8306019918205,"Female",0
341,48,60064.6766850453,23.5174019660689,"Male",1
342,23,53925.7050862015,65.7693494218807,"Male",0
343,24,41138.0674992831,22.4656307002239,"Male",1
344,78,36282.4572316491,28.5920951684473,"Male",1
345,58,65212.967765024,30.2651813717177,"Male",0
346,65,55715.5044072958,60.7317236837567,"Male",0
347,34,52399.8089337994,41.0958683216124,"Female",1
348,70,52934.4370829069,49.9299712603487,"Female",0
349,62,34756.1945143653,37.5237180914251,"Female",1
350,45,61431.4697262626,59.2169385040319,"Male",1
351,80,66038.1108959682,38.4495976032317,"Male",1
352,70,50317.4212914342,83.7521713136795,"Female",1
353,57,37724.1605850643,50.5132103417826,"Female",1
354,70,46875.3113061053,38.1938567663816,"Female",1
355,80,45150.9306980968,77.6404360643856,"Male",0
356,24,57719.8227429415,50.6380267334867,"Female",1
357,37,54004.4460992892,29.9498661195516,"Female",1
358,35,41481.4875682169,30.8866984997752,"Female",0
359,46,48661.0515338045,59.8113135280683,"Female",0
360,34,65302.0142541477,26.411652552381,"Male",1
361,50,52565.742818441,81.1350885181769,"Male",0
362,19,58754.8983495413,31.9147798970286,"Male",0
363,66,60452.8329090324,19.9459419414647,"Female",0
364,19,68646.1561608793,18.7032527397841,"Female",1
365,30,24485.9259171588,30.1165469941258,"Male",1
366,41,24787.5996817583,61.1505631134022,"Female",0
367,66,57795.2108731583,11.3444092136206,"Female",1
368,80,46646.7478392345,40.2384131783033,"Female",1
369,20,59297.2665283347,48.5860528162457,"Female",1
370,35,53129.1094331058,21.6082549396551,"Female",1
371,19,49997.957030434,53.7909691364609,"Female",1
372,54,47493.5229319664,-2.44867606636618,"Female",0
373,80,65202.7517635187,16.4611213223756,"Female",1
374,29,29067.4348092949,80.8551256615322,"Male",0
375,74,49895.5843847242,83.624606292142,"Male",1
376,30,74113.4607807914,70.8620333760353,"Male",0
377,59,46031.9430049019,100.81942209321,"Female",1
378,78,63329.4263781491,38.7644097427227,"Female",0
379,23,53560.5488739501,84.8809199212134,"Male",1
380,59,52562.6111940519,27.170808489643,"Male",0
381,59,48941.5677669546,68.1866688629175,"Female",0
382,55,43409.1787178105,16.1340920471482,"Male",1
383,77,49297.3949088252,60.7661683284502,"Male",0
384,65,43934.6669704802,7.05720281242915,"Male",0
385,33,52880.7059148726,16.9140360477246,"Female",1
386,52,35242.6301766494,26.5571864219241,"Female",0
387,53,46635.6195765205,35.2179899486075,"Female",1
388,44,60192.242019091,53.8500229126881,"Male",1
389,44,31900.3998856112,46.2052469549322,"Male",0
390,52,59789.2357205656,76.6737015433175,"Male",0
391,78,45661.2205070799,79.7559498883616,"Male",0
392,40,67348.3673348973,67.2114659109491,"Female",1
393,20,50257.7102669642,41.8002353624985,"Male",1
394,48,60187.9986769785,50.1920747088509,"Female",0
395,65,54395.6317677057,47.1146915956503,"Male",0
396,19,33551.4424551569,70.0213279480432,"Male",0
397,64,52084.265523039,48.5131942844079,"Female",1
398,40,50463.0707407621,34.9522153800791,"Female",1
399,20,52465.6528672956,61.0348356557253,"Male",0
400,26,54938.276115329,6.43566557201115,"Male",0
401,78,49144.9355555845,51.850222812845,"Female",0
402,56,48724.9539333111,36.2580084350821,"Male",1
403,47,23961.371120502,42.9965494543364,"Female",1
404,48,47633.4557404789,61.9986649734657,"Female",0
405,47,61242.1503431044,54.6488085462175,"Male",0
406,26,61830.1131379026,62.4987802950061,"Male",0
407,53,61821.8557104205,50.5558855677221,"Male",1
408,51,57382.2226689238,33.2243473843217,"Female",1
409,39,50018.6018765586,29.6437883996922,"Female",0
410,75,41868.8012705122,49.0439577139253,"Male",1
411,61,45205.0446554297,90.4448973920994,"Male",0
412,58,45174.0398545449,16.0473773365508,"Male",1
413,45,57687.2119246012,53.3676568445835,"Female",1
414,46,49539.7776838815,39.5553411881385,"Male",1
415,78,57598.7016624942,35.3641992018478,"Female",1
416,60,28377.4099717404,61.1290903540605,"Male",0
417,56,42769.6760249989,45.1887463615401,"Female",0
418,62,44629.2348125682,77.3117534150222,"Male",0
419,54,60507.9670124954,34.4251210381978,"Male",1
420,60,35341.7692698819,15.136868887673,"Male",1
421,50,52008.174429889,25.7675502778505,"Female",0
422,36,45746.0511806509,25.59068461307,"Male",0
423,29,65427.6423431923,64.6261164116677,"Female",0
424,51,55007.0723895846,52.3593846993271,"Male",0
425,38,61098.0861414807,62.1131835307963,"Male",0
426,34,42387.5805840756,55.1052050189864,"Male",1
427,80,62071.160988788,68.7868633020723,"Female",1
428,29,54475.2983276129,73.799882909732,"Male",1
429,47,59042.1125856878,69.0416555901376,"Male",0
430,52,46672.0944290585,41.4339727583621,"Female",0
431,47,65200.9878365097,32.5395984334753,"Male",1
432,42,39081.4948388333,60.7966784854212,"Male",1
433,67,46083.0387712061,68.5006524191252,"Male",0
434,64,39314.4526344191,30.6348273793621,"Male",0
435,71,43112.9690820261,66.5399086848992,"Male",0
436,20,57876.4530486975,36.1099108992541,"Female",0
437,68,47255.0010705769,44.8374010560913,"Male",1
438,74,52588.0177192769,39.8097718440135,"Male",1
439,35,73584.2769666916,41.8176538799333,"Male",0
440,49,56288.3022978679,-3.10663684243287,"Female",1
441,34,51460.175666468,55.0372625791753,"Female",1
442,55,59333.8448135151,31.3689751251971,"Female",0
443,59,50898.0247018538,37.4642707424851,"Female",1
444,57,43991.1174722814,27.9612723631027,"Male",1
445,59,61351.2284546201,47.5045112299107,"Female",0
446,49,51274.0421867419,44.2116703587774,"Male",0
447,43,56062.1155971958,68.891709174184,"Female",0
448,30,52909.3678013797,64.2035475839075,"Female",1
449,37,51640.5925907119,59.9957757483015,"Female",1
450,55,53280.6058981887,8.6849555979132,"Female",1
451,37,36100.3690203326,56.267792387443,"Female",0
452,46,54876.3187914641,11.2318753264336,"Female",0
453,37,39458.6201606299,97.5416068558871,"Female",0
454,47,49660.2886324961,51.905151263156,"Male",1
455,58,49977.5646176564,25.4348028184386,"Male",1
456,65,46899.3829812016,49.9909440541859,"Male",0
457,25,35553.9041962919,53.632466620092,"Female",0
458,56,67631.3341601815,71.182592911226,"Male",1
459,27,48418.2499410308,73.31587377064,"Male",1
460,34,32223.9262740563,-26.5038553948907,"Male",0
461,80,40094.7602648692,69.4682531746727,"Male",0
462,35,58629.7346083352,12.5058170074431,"Female",1
463,57,56896.2183713068,63.9260158094359,"Female",0
464,68,44435.3699054631,18.9658158856154,"Male",0
465,59,54353.6026792455,45.6559448654668,"Male",0
466,72,59797.1431422397,54.006680937864,"Male",0
467,28,54012.3953075557,94.8892008800978,"Female",0
468,66,43493.8645482621,38.0373032870023,"Female",1
469,61,57175.6884525546,97.5279770416164,"Female",1
470,19,43810.346636924,21.542895265194,"Female",1
471,36,49350.7501726036,41.6467407105012,"Female",1
472,30,57565.8230348617,36.5619973311429,"Female",1
473,30,39857.7048517811,31.2138412083053,"Male",0
474,48,43079.2917954792,60.0068506210715,"Female",0
475,47,42028.4714860329,59.915588612797,"Male",0
476,68,46405.2842542465,4.15468505239015,"Female",0
477,39,32982.3500494436,30.7498847095189,"Male",0
478,47,51731.0875128947,16.2832078061432,"Male",0
479,27,61648.5511268094,74.418517165747,"Female",0
480,33,51063.5540690151,67.1791192845633,"Female",0
481,22,53795.7697779787,59.9025013860699,"Female",0
482,53,45368.7499609176,87.9263140592609,"Female",1
483,67,41154.4554482075,50.9168567892612,"Male",1
484,50,48974.4599319138,56.4644167190381,"Male",0
485,33,41767.8572968722,28.0549355730427,"Female",1
486,45,39107.8803432994,92.3844011055819,"Female",0
487,66,48774.8866211284,45.8274944031389,"Male",0
488,29,43292.010144823,38.2546124166538,"Female",1
489,70,40279.3549816092,40.3158587549458,"Female",0
490,45,39912.6925246911,94.5829900228686,"Male",0
491,19,62449.1102135265,28.9021569122787,"Female",1
492,67,56810.7085823962,59.3081576128403,"Male",1
493,29,48706.9485629265,46.1316312789985,"Male",0
494,64,39397.5180718309,69.3072835081263,"Female",1
495,68,50361.892202723,67.3522421280405,"Male",0
496,70,52958.8951679468,28.4908720279441,"Male",0
497,23,34078.6078398922,2.0777529421506,"Male",1
498,33,42339.8673265479,86.9189788364348,"Male",0
499,75,43791.4102437766,92.8682824619848,"Female",0
500,32,52756.7122317894,37.0080689085477,"Female",0
501,36,41264.8040502811,82.5507474485063,"Male",1
502,76,43013.5620802432,62.5225815453317,"Male",1
503,20,23065.1832705967,45.3955332746524,"Female",0
504,63,48441.0909899091,64.5530191972809,"Male",1
505,50,41466.0145119766,49.9228651214276,"Female",1
506,73,43278.2595206813,63.6452047946722,"Female",0
507,50,51948.7423739745,55.3350065500834,"Male",0
508,65,56103.3862377338,58.8567064242259,"Male",1
509,28,51958.4728593621,46.7980874678936,"Male",0
510,53,42376.5928060287,56.0546616601799,"Female",1
511,73,56326.1062668154,78.6351088510557,"Female",1
512,61,66567.2405333589,65.2072861813884,"Male",1
513,62,56583.2720724186,59.1576977876147,"Male",0
514,27,40645.380206798,54.956264368721,"Male",1
515,59,57142.3218108282,49.7664130134137,"Female",0
516,41,63206.8975830018,20.3907131084324,"Female",1
517,45,41574.9596877583,32.3958551379499,"Female",1
518,56,49472.0725998592,69.9718654558631,"Female",1
519,35,36989.4747919483,54.1770901442162,"Female",0
520,34,40167.5380947734,39.8311357072074,"Female",0
521,37,38630.2835899943,63.06789590101,"Female",1
522,76,57859.1696296463,29.801353032306,"Female",1
523,26,54470.2172052927,54.0664901552067,"Female",1
524,70,60420.3161160561,33.3097725486992,"Female",0
525,28,59798.1611454343,37.4948445554306,"Female",1
526,61,26840.7648182047,60.2295416318809,"Female",1
527,25,43862.2716861934,38.0130143628331,"Male",0
528,67,65036.3053243895,48.1224719717209,"Female",0
529,22,63615.9800703617,56.2525264837084,"Female",1
530,46,47473.909475149,27.4561904578153,"Male",0
531,67,57309.6351623548,97.5781080296803,"Female",0
532,23,47324.1014302259,70.9227064407143,"Male",0
533,27,33452.2954438987,55.9562308437631,"Female",1
534,43,55153.3082756977,14.2502116732912,"Male",1
535,26,37648.0737764972,70.0897786439666,"Female",0
536,28,53641.4607813304,74.8842376061825,"Male",0
537,72,73428.0295318372,60.2337027467594,"Female",0
538,23,45191.694038995,59.4954226229315,"Male",1
539,49,44791.9621345952,39.6625845638415,"Female",0
540,29,30711.6227882682,16.8050205212038,"Male",1
541,36,56508.826372714,54.480173579416,"Male",1
542,44,47873.5686380613,86.1449751942313,"Male",0
543,73,35054.7885005348,53.7945153042815,"Male",1
544,49,46238.798467063,26.7414745909706,"Female",0
545,44,67962.0188856152,110.352428701111,"Female",1
546,47,55782.842414814,42.2855726658054,"Female",1
547,72,41712.0105657171,61.2549966197869,"Male",1
548,21,59843.2661775842,67.7240184284742,"Female",0
549,41,44203.1453057093,42.8706840338139,"Female",0
550,45,49853.3650649113,54.9819700042883,"Female",1
551,20,42272.3864848509,42.6165585224225,"Male",0
552,63,30317.5030452036,50.8326208100794,"Female",0
553,57,59981.1254261694,74.3475391880275,"Female",1
554,23,54181.7836767522,69.1784708620683,"Male",1
555,53,42218.2682791288,41.2788634058511,"Male",1
556,72,30326.519884605,78.7961583552162,"Male",0
557,59,50600.2736134682,66.3311862492216,"Male",1
558,65,64855.0341646014,14.8404543278436,"Female",1
559,76,46913.3553901724,49.0391701739743,"Male",0
560,73,39623.6958517564,79.8888326961129,"Female",1
561,47,51563.3662852918,-12.9104007120574,"Female",1
562,65,58819.5774053234,39.3375599249005,"Male",1
563,69,50386.3646296842,69.0415641734994,"Female",1
564,27,40879.8156330086,59.3850764156804,"Female",0
565,42,33542.0310053133,32.0910128236057,"Female",0
566,55,37142.8754703818,60.7009882354505,"Male",0
567,68,47140.2908889121,34.9814831230183,"Female",1
568,53,55448.2660407269,29.0444620027334,"Female",0
569,58,68142.881875433,5.98961321223869,"Male",0
570,42,40099.6372759158,67.0163423444522,"Female",0
571,21,44819.6740142563,54.8237301566754,"Female",0
572,32,59279.4805668019,55.3839352886638,"Female",0
573,69,47526.591733596,82.4907332613525,"Male",1
574,39,38468.3213060891,26.449284434771,"Female",0
575,70,55355.5521948642,39.0987556794252,"Female",1
576,66,76983.9509570496,33.8044839268869,"Female",1
577,41,73290.782268123,47.6296814729168,"Male",1
578,56,48407.8462023806,94.8734169947298,"Male",0
579,64,48714.7100430499,72.1061610881343,"Male",1
580,77,48148.3187324382,31.8516075869885,"Male",1
581,80,33588.0925962829,62.2012658204906,"Male",0
582,54,60044.201457784,28.3316365870238,"Male",0
583,63,58129.3718413384,30.8159389324276,"Male",1
584,71,54149.7660691163,62.8678700258744,"Female",1
585,64,49141.4093555089,71.1919558090547,"Male",0
586,32,30917.9109441497,43.7566758961119,"Male",1
587,33,56632.5198387598,12.3641023845699,"Female",1
588,36,56616.8573136814,61.0349328839883,"Male",1
589,25,40539.1544790628,57.5931605139605,"Female",0
590,48,64784.3295735992,64.9349946939904,"Female",1
591,75,57758.2296938291,18.9665423636481,"Male",1
592,54,52310.6825162074,73.2035435149305,"Female",1
593,56,38657.6559649208,55.5742734651508,"Female",0
594,69,55731.2649401154,16.8114146889387,"Male",1
595,65,29101.580988781,50.0951316257997,"Male",0
596,77,52498.5165919426,52.3630484069698,"Male",1
597,79,55455.6044817204,69.7089137152106,"Male",0
598,33,44254.797830028,17.4210160906398,"Male",1
599,26,54474.590262143,68.7985059693791,"Female",1
600,28,37654.6550343094,50.2545795619814,"Female",0
601,60,37364.683800918,56.3116387628311,"Male",0
602,68,53582.5870660486,34.7075411897274,"Female",1
603,47,44914.5763425544,42.6565362301429,"Male",0
604,78,53384.8407968782,44.968863462372,"Male",1
605,27,33681.5074053976,36.3761596313928,"Male",0
606,72,29875.6759876246,46.5899228193653,"Male",0
607,78,45564.7239258756,45.4004550928879,"Male",1
608,51,41011.2760395559,38.4054298708115,"Male",1
609,74,60751.7647297492,52.6355651045486,"Female",0
610,79,53804.7301754027,80.7715762486893,"Male",0
611,55,49150.1702015574,46.8273732339638,"Male",1
612,37,43111.6735656487,14.1841124455091,"Female",0
613,80,68394.0017388769,40.6669392793237,"Female",0
614,63,53964.3307146425,67.5068983157296,"Male",0
615,31,68698.2738280782,23.1078885486853,"Female",0
616,23,61177.0048473839,31.2621610515585,"Female",0
617,35,57756.8322288674,14.2534336974465,"Male",0
618,19,44450.1596782876,68.4326014552134,"Female",0
619,73,72273.2464717628,43.5901170729906,"Male",1
620,25,57136.3991346033,77.9627434611658,"Female",1
621,28,42815.4648239626,78.8355545293531,"Male",1
622,38,45887.6267024756,54.0974701015669,"Male",1
623,74,70957.0520963183,44.9164230132653,"Male",1
624,24,60901.7613583202,46.5341810655159,"Male",1
625,68,38546.2633704252,60.3781165288491,"Male",1
626,40,29451.9210651093,71.0306024121535,"Female",1
627,25,62580.6478134494,48.227603521164,"Male",1
628,76,43524.6104305763,81.2323409996064,"Female",1
629,27,45094.2887527478,69.3378609185705,"Male",1
630,54,31271.8319495131,48.9988456458871,"Female",0
631,34,67437.3636687875,18.5549074461663,"Male",1
632,72,48826.719268464,43.5508879177266,"Female",0
633,23,33567.5520563218,21.1858215184504,"Male",1
634,57,62626.5868485489,62.5170591158037,"Male",0
635,69,50082.343910497,61.9597701145676,"Male",0
636,23,40469.0143667464,55.6362577941692,"Female",1
637,64,37760.9189820537,56.1354278474553,"Male",0
638,45,51129.7906176499,50.3744907920905,"Male",1
639,49,62901.9577220167,42.7723941940786,"Male",1
640,66,48027.4021432221,32.4430247732529,"Male",0
641,52,42878.9812131333,4.03338916299388,"Female",1
642,45,61571.5395704521,50.4696931837701,"Female",1
643,64,60682.6165637447,51.0555018141118,"Female",1
644,37,62493.4726154581,127.035159429666,"Male",1
645,18,53082.9256115885,83.3816347152479,"Female",1
646,22,41229.0001177632,62.6302373053108,"Male",1
647,28,54441.4558305429,33.680710441523,"Female",1
648,64,45477.9233851883,24.1024496824137,"Female",0
649,37,24235.6000507067,64.000914675278,"Male",0
650,19,53521.0815114235,30.1006670592293,"Female",0
651,79,59088.7583333911,67.0470079177667,"Female",1
652,65,54216.4430595857,56.6709044267705,"Female",1
653,80,52194.7389703669,36.42321055119,"Male",1
654,79,50709.6738539092,41.7220833139351,"Female",0
655,72,55200.1203491947,53.6121902728851,"Male",0
656,68,42638.1100462531,39.3192285418604,"Female",1
657,27,35894.720018561,51.1136679897468,"Female",0
658,68,51359.7757078262,40.0305875497909,"Male",0
659,76,41973.9682290301,79.413217651582,"Male",0
660,66,55738.7490627873,54.5007794342394,"Female",1
661,24,35476.9611428622,44.3493280965952,"Male",0
662,78,66108.6624388825,43.1116439322612,"Female",0
663,55,64149.0308720653,31.4642229698852,"Female",1
664,61,39904.2871373603,79.7532813212887,"Female",0
665,53,64190.7815577158,44.0574140269717,"Male",0
666,70,35488.3756195284,53.917542155747,"Male",1
667,40,46559.5253356272,57.7261048015703,"Female",0
668,68,49114.931358583,38.9944029693934,"Female",0
669,51,59294.2813439965,47.0664264606972,"Male",1
670,41,56127.4739875568,98.3434901345012,"Male",0
671,21,34958.2607848135,40.365547549315,"Male",1
672,71,42859.0775137539,41.6248071812842,"Female",0
673,46,48042.0746816338,75.5758680633315,"Male",0
674,75,55643.3701163242,23.1354837324673,"Male",0
675,40,62573.2498956591,51.5490661763713,"Female",0
676,76,43654.0716519692,70.3255082993551,"Female",1
677,28,54242.32788028,59.4288875501537,"Male",0
678,71,51800.3118571947,66.9003241110732,"Female",1
679,50,47704.0508057537,37.2425445711599,"Female",0
680,71,49267.9228820634,68.0156353291275,"Female",1
681,73,43178.2757194587,69.3062911122103,"Male",0
682,68,49151.1070062367,8.71369891477765,"Female",1
683,67,65824.3402104677,63.3678381877099,"Male",0
684,76,25929.7516926742,43.0777809242137,"Male",0
685,65,46880.5209994587,42.8096700288757,"Female",0
686,20,39179.5555294579,51.9406240008408,"Female",0
687,50,58216.4386583994,45.1094927776852,"Female",1
688,47,55554.2647053691,60.2456569837002,"Female",0
689,51,26779.7258306114,82.5075864937959,"Male",0
690,19,49271.9711002384,56.9879164545048,"Female",1
691,57,75965.6748722506,21.9410942793724,"Male",1
692,75,51135.1007466535,68.0790239716641,"Female",1
693,37,62878.9062211632,53.6203945628487,"Male",0
694,31,52785.651051995,101.757518476023,"Male",0
695,42,63797.6836997107,31.0755785229194,"Female",1
696,62,45109.6543458602,51.9557217219558,"Male",1
697,24,54059.0883744956,60.4124223354751,"Female",1
698,57,49123.9234744578,61.8509915276581,"Male",1
699,78,54537.6379990828,40.0076187445679,"Female",1
700,52,27457.5276771695,33.5394524361491,"Male",1
701,48,37224.9940904411,75.5028727953293,"Female",0
702,39,48350.5859553416,28.7140170894714,"Male",0
703,33,45854.1826237572,52.1516033185102,"Male",1
704,76,59528.8095707738,60.6697420851308,"Female",0
705,39,46998.1754952438,64.2038171880723,"Male",0
706,46,49893.1126273833,92.9337915677962,"Male",1
707,73,60191.2547691678,11.807338491811,"Female",1
708,50,56756.7316091774,43.1919478481831,"Female",1
709,61,47225.0194688084,8.6725692327736,"Male",0
710,67,56539.0913911004,29.91411022563,"Male",0
711,70,50803.5019013002,61.2912138183469,"Male",1
712,48,54559.026069188,11.1838525966464,"Female",0
713,63,58345.3206045792,65.779066676062,"Female",0
714,25,43072.760253967,27.390546947447,"Female",0
715,41,34282.1227084346,61.4676261323406,"Female",1
716,77,59675.0737984717,31.3013621738324,"Male",0
717,47,34055.2486914402,41.7999868292838,"Female",0
718,40,52024.5225694633,53.1382212263411,"Male",0
719,54,45882.6196577164,38.4473351307282,"Female",0
720,49,57507.9813169561,60.7200988057422,"Female",0
721,34,72561.07170856,61.3717222635597,"Male",1
722,43,43381.3010777177,45.3571933988896,"Male",0
723,76,48758.8566753048,10.615285448212,"Male",1
724,74,52693.9593346158,54.3752464835641,"Male",1
725,74,41554.2604375175,15.9629804629282,"Male",0
726,60,45862.7765665183,72.5413863115443,"Female",1
727,40,37138.6835322736,55.5692206854588,"Female",0
728,43,33287.7211213127,66.6108297385995,"Male",1
729,53,40596.2275268147,60.5075593606662,"Male",1
730,62,52232.326616406,49.881710590326,"Male",0
731,25,49863.341620207,45.9190738915699,"Male",1
732,32,40421.2189474825,39.5438450202727,"Male",0
733,80,45331.4791241763,38.0779812243239,"Male",1
734,76,45041.3142935533,34.9047265241286,"Female",1
735,53,43396.2856644487,78.1855144488499,"Male",0
736,62,39564.7885455934,37.2254801231415,"Female",1
737,20,53215.1997145518,53.1989559908171,"Female",1
738,56,55451.4687720309,58.842594520726,"Male",1
739,50,43639.0237682698,5.10260130680281,"Female",1
740,55,63763.8412297219,33.5617765498907,"Male",1
741,62,60125.1924845691,30.0700002502263,"Male",0
742,43,44601.0486003453,55.834463467216,"Female",1
743,45,39275.8211625104,45.256237147706,"Female",0
744,43,54289.1268361738,45.0626612539864,"Female",0
745,34,45175.4210162634,56.3540789226144,"Male",0
746,40,49093.534287618,41.8588414995288,"Male",0
747,70,57918.4755037233,41.8334399078076,"Female",1
748,55,50687.5465348292,62.9416197833074,"Female",0
749,27,43860.3355551193,18.1370079279628,"Male",1
750,62,42858.1876096523,57.8743910177661,"Female",0
751,55,53242.4951331548,31.9784627649875,"Female",0
752,58,53432.8235005793,27.3675261930039,"Male",0
753,25,45603.8059188237,50.1004026453528,"Female",1
754,18,53450.9672040133,72.7961153938228,"Male",0
755,33,40802.4026162848,64.1069701574013,"Female",1
756,71,67831.1081665491,29.8337552659073,"Male",1
757,19,35782.8810360864,74.1474295237134,"Female",1
758,57,66421.8336197998,47.8300342925624,"Male",1
759,31,51242.3688818055,60.901945134979,"Female",1
760,29,50011.2331300115,77.5697136317276,"Female",1
761,43,36710.2407730194,46.7264620783384,"Female",1
762,25,57797.2661545019,29.8973990255047,"Male",1
763,80,62904.4748552405,62.8717443971427,"Male",0
764,58,39794.3221959324,42.3439960611827,"Female",1
765,25,57047.045402126,10.3129080637205,"Female",0
766,74,63287.5193329595,57.8495123214778,"Female",0
767,26,67166.4909527313,52.3807258635115,"Male",0
768,69,41404.1381031314,35.1904598043466,"Male",0
769,50,39864.4970644051,65.1871349844027,"Female",1
770,20,47797.5376348135,21.408003330717,"Male",1
771,57,51588.2310712791,33.1278421674686,"Female",0
772,19,41307.2594549241,56.1989703810213,"Female",0
773,18,42693.6231137342,29.1583892308696,"Female",0
774,26,61116.3317335718,46.2360281965257,"Female",1
775,72,48336.1863407797,18.4347931528012,"Male",1
776,24,59676.9527166576,73.8022550335727,"Female",1
777,30,45016.8060465061,85.603681127519,"Male",0
778,46,59268.8584130769,71.1008926987577,"Male",1
779,37,50811.4309995741,78.8751838421078,"Female",0
780,31,48855.4149025452,38.1670688810677,"Male",0
781,77,31350.0197997078,78.2838436340915,"Male",1
782,33,35780.4284734651,58.9368747185989,"Male",0
783,24,57108.4137010319,25.8225627921481,"Female",1
784,53,37051.8603243813,43.5280087534903,"Male",1
785,62,39339.6730774854,82.9718041320539,"Male",0
786,29,51634.3237365726,57.4166213428622,"Male",0
787,42,59154.5948978001,51.6243832122552,"Male",0
788,44,47062.3563707263,71.3562052553502,"Male",1
789,30,58299.905534138,23.7164399084794,"Female",1
790,37,37406.7785494491,69.5001406245612,"Male",1
791,27,60031.6941443099,32.7878438901079,"Male",0
792,47,57629.7414645726,14.3038631056329,"Female",1
793,80,44667.6060106304,54.5901265904239,"Female",0
794,58,53064.2086688249,75.2977707296727,"Female",1
795,29,62053.838262019,35.717986471724,"Male",1
796,25,39972.7421310853,19.9537946699381,"Male",1
797,24,41077.5407579026,62.5368156383773,"Female",0
798,74,50301.4891127198,32.4285472525064,"Female",1
799,32,45780.0142388191,39.0412185032645,"Male",0
800,36,47525.7490025789,62.204635265625,"Female",0
801,66,56441.5115004848,63.600766579029,"Female",1
802,60,52185.1336485956,43.6486835901342,"Male",1
803,56,65249.0474086339,75.0522965460436,"Female",1
804,68,39759.5328969605,42.0121869992095,"Female",0
805,80,55195.0064514529,66.2553330614333,"Male",0
806,40,50247.4207216196,51.6079170027002,"Female",0
807,75,40293.5049595921,74.3548948409597,"Male",0
808,52,33039.8043641382,69.0654982080183,"Male",1
809,23,56628.2028634118,52.8810681949101,"Female",1
810,24,49170.6904040381,44.3331203051031,"Female",0
811,21,37085.0417209835,70.9100541328551,"Female",0
812,27,52927.6336035325,45.8076589818982,"Male",0
813,34,49020.906078162,61.9456645896308,"Female",1
814,65,65977.4603514018,18.3686281631617,"Male",1
815,25,40743.4531219709,57.8300810057601,"Male",0
816,70,58406.8489983298,32.0779656735963,"Female",0
817,20,43589.4492663266,66.1839482017078,"Male",1
818,61,35410.8437998588,83.9783869072111,"Male",0
819,70,61778.1776101491,19.0801704222555,"Female",0
820,63,27207.804150174,70.4511579339747,"Female",1
821,54,52722.0784493045,44.9992152736706,"Female",1
822,31,55510.7436940952,24.0679647460991,"Female",0
823,45,54047.5454380206,52.702035755444,"Male",1
824,23,43961.6710212537,62.4371560178249,"Male",1
825,26,40779.6899485722,29.7375449341702,"Female",0
826,50,54799.1072230901,46.7363521948417,"Male",0
827,69,51058.8156759606,69.3327421333084,"Female",0
828,63,38596.2204669848,56.9497052438326,"Male",1
829,36,40285.1417765643,53.3275565290037,"Female",0
830,54,39303.4818497449,25.0437886914808,"Male",1
831,51,30978.2297796509,30.3037369593419,"Male",0
832,18,60538.6673938074,58.8245313662175,"Male",1
833,45,48602.6963244017,37.5542131060089,"Female",1
834,69,46194.0202088566,3.97776540507444,"Male",0
835,47,64761.9746411709,60.7075644572448,"Male",0
836,21,56107.2733838952,89.0780393382903,"Female",0
837,76,65568.5695685373,74.6375564525639,"Female",0
838,43,72790.8228193014,41.936357285951,"Male",1
839,75,45281.9343017429,25.324247146889,"Female",0
840,28,52126.8648427526,43.6205800135769,"Male",0
841,22,76662.6360691783,58.5744558465936,"Female",0
842,71,59020.9470602399,48.2127240005522,"Male",1
843,53,71864.0773262098,52.6561830832192,"Female",0
844,36,55953.2004855659,67.1910155022256,"Female",0
845,52,53327.6127318499,33.2691227531741,"Female",0
846,50,63992.2709008404,55.7404400357003,"Female",0
847,56,60630.3044898296,60.3329513661387,"Female",0
848,22,47906.8634398838,82.9740456780864,"Female",1
849,78,49984.0492415907,-8.53257176610346,"Male",0
850,40,45969.9493799877,41.9795207046609,"Female",0
851,58,63247.0407017108,-4.6702535335362,"Male",0
852,42,44688.6869103807,40.8905900093304,"Male",0
853,80,51677.7514105146,68.7169946366603,"Male",0
854,73,37460.6177697047,43.183502702532,"Male",1
855,66,63745.9925253031,43.9765494828034,"Male",0
856,38,63078.5594599729,64.8968402134241,"Male",0
857,22,40345.9528101252,35.9357442195196,"Female",1
858,73,38164.4247115868,74.3348486578729,"Female",0
859,29,57633.9802103772,76.3874556577449,"Male",0
860,19,48146.2200856391,52.7765746137582,"Female",1
861,71,49206.4494087208,58.7263494906175,"Male",1
862,35,57022.0997357684,90.2570855855591,"Male",1
863,21,60261.0781140145,62.5220471864372,"Female",0
864,59,40951.2876317432,47.8217146953931,"Female",0
865,64,28244.5352844058,60.0500340176613,"Male",0
866,40,58276.0512804032,59.905582285204,"Female",0
867,71,37283.1813602504,17.2851517244878,"Male",0
868,25,50719.471596495,63.2798318413417,"Male",1
869,18,38160.6128214812,72.9559469016847,"Female",1
870,73,51313.8206774168,73.7572046508442,"Female",0
871,28,48501.4756984274,52.4419700546659,"Female",0
872,54,64160.434521694,54.0114820480656,"Female",0
873,28,49034.2125150728,48.4339169918801,"Female",0
874,32,44422.1151422037,52.8305506159006,"Female",1
875,32,46815.4166472655,62.6543877734879,"Male",0
876,74,47794.580877896,22.8504171429958,"Male",1
877,73,44203.5185645096,88.9151091251941,"Male",0
878,59,51889.1798600096,57.2758676589701,"Male",0
879,32,46487.3487655815,55.7054314505304,"Female",0
880,32,47554.4873752052,65.5451406583386,"Female",1
881,69,60947.937862701,17.8574558905467,"Female",0
882,61,34892.1722629628,46.2695501073544,"Male",0
883,58,45035.4923201253,63.1582239914547,"Female",0
884,78,56198.9575738046,48.1350635549194,"Female",0
885,42,70060.2551766335,47.6624910632125,"Female",1
886,53,52119.4168149232,37.0243789170611,"Female",0
887,20,26483.2493311815,65.3579226573228,"Female",0
888,24,63273.3752794242,40.001311062892,"Male",1
889,21,49142.2088105665,48.9914371558595,"Male",1
890,73,49132.9364263693,50.8887523308337,"Male",0
891,57,47494.6168070217,6.30772455313979,"Male",0
892,70,53953.4471475669,54.017898835443,"Male",0
893,54,62369.3745907453,46.6535827196628,"Male",0
894,41,51438.5911148023,45.3886686857979,"Female",1
895,55,35505.5142890209,26.5147768982304,"Female",0
896,21,52698.6716382827,38.0782926892755,"Female",1
897,20,63386.8649072119,8.21425469008406,"Female",0
898,28,66111.4313058128,47.3434610532736,"Male",1
899,27,47127.6981292604,24.916960575,"Female",1
900,46,59437.3342049934,32.042585936139,"Male",0
901,40,38765.291926888,80.8986253452738,"Female",0
902,22,72646.8094582889,67.0104449596923,"Female",1
903,41,55564.6476555535,25.4545561856493,"Female",1
904,49,47125.9542603333,46.5901182232702,"Male",1
905,42,61758.9067622553,67.2861087058996,"Male",1
906,28,46603.2923627914,51.9425057628436,"Male",1
907,27,42128.6094454533,21.3733874562872,"Female",1
908,32,46885.3180046645,52.9091997391736,"Male",0
909,68,51624.3481204179,37.3228872405372,"Male",1
910,77,58932.6993716462,29.5255691774301,"Male",0
911,48,46680.5314641881,18.658617457082,"Female",1
912,27,50316.4965213942,62.6212580718024,"Male",0
913,62,60336.0032016034,60.7896543955071,"Female",0
914,76,47619.1686579065,54.2303399838546,"Male",1
915,41,56038.3886693012,31.69453142212,"Male",0
916,52,55244.0358018148,55.2658784142181,"Female",1
917,67,43623.403842737,56.9604535163008,"Female",1
918,27,41564.6187655931,51.2960695364984,"Female",0
919,25,43906.4833036456,63.0551824000942,"Male",1
920,61,32095.1373569425,28.0614794371892,"Female",0
921,59,47601.5333636781,26.325776546524,"Male",1
922,49,64844.2693258801,57.7484355812951,"Female",1
923,56,56613.821682287,47.3452304478051,"Female",0
924,24,41847.2076650373,69.9321610560969,"Male",0
925,55,45642.6315403605,8.69715285780952,"Male",0
926,34,57315.3658395996,66.5756768204387,"Female",0
927,37,65047.3578503887,36.2954432496305,"Male",1
928,50,46902.8565118822,39.0592426369524,"Male",0
929,54,37131.4608566,60.4359878684042,"Female",1
930,27,39573.9257455332,5.8456209544437,"Female",1
931,62,60482.8677637932,47.6820520791292,"Female",1
932,27,43770.8291831742,36.9600424231093,"Male",1
933,19,67087.3840157997,45.807397458229,"Male",0
934,32,55085.0840623175,51.1381868391355,"Male",0
935,40,52765.099301183,50.8341411589814,"Male",0
936,64,63979.152254961,39.237267100842,"Female",1
937,57,32921.1235901092,17.7041015029269,"Female",0
938,52,60482.2439665192,84.593380851663,"Male",0
939,19,66649.4265050798,39.0436290602755,"Male",1
940,23,40482.0301167856,39.9561873401578,"Female",1
941,63,47204.4614200648,55.8272898771127,"Male",1
942,76,54009.0657581765,25.2635123522014,"Male",0
943,64,35997.7627182138,16.6220740749,"Male",1
944,68,51516.6107535774,83.8224837954769,"Male",0
945,26,44273.0247256649,76.8598462859626,"Female",1
946,40,53297.865114232,43.3219099151223,"Female",0
947,42,47366.1048293736,81.226678434797,"Female",0
948,32,56179.4489148207,45.8066835630808,"Female",1
949,39,48371.0402486911,63.3069343247762,"Female",1
950,65,44916.759342406,48.5539782617515,"Male",1
951,25,53314.0151637905,45.04061364097,"Female",0
952,46,55743.7773163022,59.9593253976409,"Female",1
953,58,55333.1433051397,48.0014551285339,"Male",0
954,38,52483.7592219093,29.8768199901202,"Female",0
955,72,42819.9120859782,33.1829124223622,"Male",1
956,65,36729.0772316446,70.8416888921518,"Male",0
957,26,65953.3273710626,19.2000363016058,"Female",1
958,51,54327.8792650681,64.3643131971903,"Female",1
959,73,39105.0087142497,50.1226478806359,"Male",0
960,58,36820.1446438431,74.1128618891532,"Male",1
961,60,46584.0515447876,50.044257582638,"Male",1
962,73,47024.4473621023,32.6529499730772,"Female",0
963,28,50885.126419635,45.3048033608331,"Male",0
964,21,60906.4461000821,-7.53244560620091,"Female",0
965,24,34735.4692908759,29.991187549944,"Female",1
966,73,65192.8992015584,54.575545758721,"Male",1
967,67,54520.8542030445,51.6414227355518,"Male",0
968,77,49207.6055924744,63.7052535591613,"Male",1
969,28,53055.692851557,27.2758375622901,"Male",0
970,71,41435.3082249015,57.6897725102267,"Male",1
971,50,61039.2464488729,59.8548751303983,"Female",0
972,28,57801.7265262234,38.1469067002532,"Male",0
973,77,35957.4785159393,16.3093978011397,"Male",0
974,75,41184.3725485332,68.1165767745943,"Female",1
975,55,48276.064790523,45.8376538799215,"Male",1
976,38,41126.7216817094,52.6188379081686,"Female",0
977,27,33440.6452571523,40.6028181521729,"Male",1
978,74,43621.9547321193,24.0932740405759,"Male",1
979,67,47101.4217320301,41.8736234243765,"Male",1
980,20,35787.050167148,67.5658910061248,"Male",0
981,52,48780.0490259354,66.6574172458366,"Male",1
982,51,39292.2072917149,65.336801838989,"Male",0
983,75,31122.4605606634,34.0083473686878,"Female",0
984,57,42567.7896785993,16.1246444542441,"Female",1
985,45,41243.5278442649,59.0073578283305,"Female",0
986,30,65075.9890515409,49.6468454429491,"Male",0
987,25,45042.203035003,49.2371993448724,"Female",0
988,19,54151.5507873148,40.4871834646941,"Female",0
989,76,45986.0682568723,16.1294241069585,"Female",1
990,23,44265.9118313604,59.5175673662764,"Female",1
991,40,39062.0245591756,27.9695236309666,"Female",1
992,34,35024.1547493979,35.3285764220686,"Male",0
993,49,54680.7622874313,1.915659036421,"Female",0
994,31,65764.509823297,96.1332495470312,"Female",1
995,24,53219.115158776,57.7998140578375,"Female",1
996,30,54103.0153732224,22.7845445417992,"Male",0
997,25,49891.6974324509,52.1129412112496,"Male",1
998,55,59614.5366783582,37.8549409828192,"Female",0
999,28,54312.3220122812,82.4505327930897,"Male",0
1000,59,33061.3302730758,88.5236259431139,"Male",1
