"CustomerID","Age","Gender","AnnualIncome","AccountLength","MonthlyCharge","DataUsage","ChurnStatus"
1,48,"Male",41264.8040502811,61,39.3937578105286,116.395089041648,"No"
2,32,"Male",43013.5620802432,73,57.2550546136591,127.821921763927,"No"
3,68,"Male",23065.1832705967,1,42.9206811289366,47.8094998162844,"Yes"
4,31,"Female",48441.0909899091,25,48.5595124949038,112.95493193921,"No"
5,20,"Female",41466.0145119766,50,40.2628442311857,92.7404083585708,"No"
6,59,"Male",43278.2595206813,27,50.5594442585314,102.204435020361,"No"
7,67,"Male",51948.7423739745,64,54.9234655315049,94.5985170488031,"No"
8,71,"Female",56103.3862377338,61,55.0254525466691,113.841946138674,"Yes"
9,60,"Male",51958.4728593621,28,39.2474202277061,118.56560610944,"Yes"
10,54,"Female",42376.5928060287,38,62.5804225002658,111.862602026794,"Yes"
11,69,"Female",56326.1062668154,34,64.9297171304439,97.8741446235497,"No"
12,31,"Female",66567.2405333589,28,53.7291042641075,91.5174174226222,"No"
13,71,"Male",56583.2720724186,75,51.5747954788435,97.1937249596238,"No"
14,42,"Male",40645.380206798,5,50.7734290332108,95.4541769737639,"Yes"
15,43,"Male",57142.3218108282,57,52.5754594593975,104.101238764664,"No"
16,44,"Female",63206.8975830018,88,53.7642358872264,83.5080902291255,"Yes"
17,22,"Female",41574.9596877583,3,51.3682361894817,111.69161167357,"No"
18,68,"Female",49472.0725998592,5,56.5382317091473,80.0340266825943,"Yes"
19,44,"Male",36989.4747919483,29,46.6423145762247,70.3143698774551,"No"
20,74,"Female",40167.5380947734,72,61.2934492850217,105.15554966175,"Yes"
21,45,"Female",38630.2835899943,3,49.6231718822938,108.305800081176,"Yes"
22,74,"Male",57859.1696296463,46,32.4430598346384,120.508391458252,"Yes"
23,26,"Male",54470.2172052927,62,49.002796306166,114.521521358418,"No"
24,46,"Male",60420.3161160561,14,54.4702045265387,104.395747522927,"Yes"
25,52,"Male",59798.1611454343,79,62.300316728337,113.831992235921,"No"
26,25,"Male",26840.7648182047,79,50.6021043261511,80.3900452925773,"Yes"
27,43,"Male",43862.2716861934,67,30.59930798329,77.1878059227706,"Yes"
28,24,"Male",65036.3053243895,82,50.0483176592536,75.6902400641035,"Yes"
29,59,"Female",63615.9800703617,77,38.0078807803253,100.894570726466,"No"
30,26,"Female",47473.909475149,2,40.2389429635025,113.229407493619,"No"
31,79,"Female",57309.6351623548,46,39.7437294876503,118.127844942853,"Yes"
32,36,"Female",47324.1014302259,58,42.0077307548744,129.674029061003,"Yes"
33,53,"Female",33452.2954438987,70,61.3712909055669,106.584011751497,"No"
34,31,"Male",55153.3082756977,16,41.6847110045616,97.4361710131165,"Yes"
35,34,"Male",37648.0737764972,1,45.6093722604703,86.7744611402087,"No"
36,60,"Female",53641.4607813304,35,51.8417346140025,105.081364392935,"No"
37,56,"Female",73428.0295318372,32,58.9037962557919,98.712894503937,"No"
38,70,"Female",45191.694038995,29,43.3329498992502,93.4974136667561,"Yes"
39,29,"Male",44791.9621345952,55,41.7377613613,86.4595386943488,"No"
40,32,"Female",30711.6227882682,19,44.8138427778616,79.8827020394261,"No"
41,49,"Male",56508.826372714,58,38.2828130076662,80.3410600394631,"Yes"
42,59,"Female",47873.5686380613,12,59.2003334946981,129.376607236758,"Yes"
43,62,"Female",35054.7885005348,82,28.1804186590106,105.01235666587,"Yes"
44,24,"Female",46238.798467063,68,44.723079226451,91.3985648673341,"Yes"
45,26,"Female",67962.0188856152,21,35.5885997790612,68.4161784088044,"No"
46,58,"Female",55782.842414814,31,30.4321521581022,103.857274738213,"Yes"
47,27,"Male",41712.0105657171,61,50.2865819707926,90.0539988963913,"Yes"
48,40,"Male",59843.2661775842,78,65.3823566132278,98.282168973157,"No"
49,44,"Male",44203.1453057093,72,66.3464035479982,95.8570248942043,"Yes"
50,77,"Female",49853.3650649113,42,44.3722379164724,115.52110777405,"No"
51,70,"Female",42272.3864848509,46,43.0304429148176,98.6272948189432,"Yes"
52,24,"Female",30317.5030452036,31,44.6177369652841,96.4399716593858,"Yes"
53,70,"Male",59981.1254261694,51,57.1011023178385,147.456769570624,"No"
54,44,"Male",54181.7836767522,56,24.3830303701998,121.744083951547,"Yes"
55,49,"Male",42218.2682791288,42,52.4770047442229,102.600364626037,"No"
56,55,"Female",30326.519884605,19,45.9445961899245,85.3760400674406,"Yes"
57,42,"Male",50600.2736134682,47,42.560615031489,123.582593671062,"Yes"
58,51,"Female",64855.0341646014,81,29.9387996867988,81.3470088761447,"Yes"
59,46,"Male",46913.3553901724,17,47.9417358221705,99.038716535447,"No"
60,22,"Male",39623.6958517564,34,33.5094322754413,117.05171497042,"No"
61,25,"Female",51563.3662852918,58,49.8469212680766,91.7737576934814,"No"
62,29,"Female",58819.5774053234,99,41.0509832248658,92.655803521826,"Yes"
63,80,"Male",50386.3646296842,91,50.4631972418357,108.806182828062,"Yes"
64,30,"Male",40879.8156330086,49,54.6100407938378,102.789422652617,"No"
65,35,"Female",33542.0310053133,18,44.9626123280206,95.0149477598228,"Yes"
66,50,"Female",37142.8754703818,67,39.77601543784,95.8125193011631,"Yes"
67,74,"Male",47140.2908889121,58,43.8825777096969,105.017984516062,"No"
68,44,"Male",55448.2660407269,88,43.3260649678551,109.334573348278,"No"
69,42,"Male",68142.881875433,66,35.0672417094453,125.885236319061,"No"
70,55,"Female",40099.6372759158,45,42.193817860938,91.6153544131923,"Yes"
71,38,"Male",44819.6740142563,67,48.0659486514285,126.333189025671,"No"
72,32,"Male",59279.4805668019,16,47.791666902006,70.6956728631424,"Yes"
73,58,"Male",47526.591733596,94,53.2954173988729,87.0982686021311,"No"
74,64,"Male",38468.3213060891,21,62.9187572312354,72.9419630099308,"No"
75,43,"Female",55355.5521948642,73,53.3367103166387,106.188831234874,"No"
76,77,"Male",76983.9509570496,42,64.7578697474206,108.417227614469,"No"
77,48,"Female",73290.782268123,90,43.5207403527969,72.6794916282922,"Yes"
78,33,"Male",48407.8462023806,81,63.5066841000033,100.957289443136,"No"
79,69,"Female",48714.7100430499,46,55.9340890781761,81.7226745158036,"Yes"
80,47,"Male",48148.3187324382,35,38.0829111476597,109.876857101884,"No"
81,23,"Female",33588.0925962829,36,54.0217101248522,68.9017232117612,"No"
82,60,"Female",60044.201457784,65,37.6230715943052,117.294346316458,"Yes"
83,25,"Male",58129.3718413384,74,59.4723067569171,99.1118413526326,"No"
84,39,"Female",54149.7660691163,87,44.6025385497242,79.2811461251707,"No"
85,39,"Female",49141.4093555089,26,47.6388981296338,98.341557759743,"Yes"
86,56,"Male",30917.9109441497,80,43.2046351105677,94.6866594972191,"No"
87,48,"Male",56632.5198387598,94,41.478217076357,92.7107725180163,"No"
88,65,"Male",56616.8573136814,21,67.0213970919678,70.0530181686817,"Yes"
89,34,"Male",40539.1544790628,36,59.9180452290277,88.2957968806197,"No"
90,71,"Female",64784.3295735992,25,56.7521307702745,96.5334475435598,"Yes"
91,67,"Female",57758.2296938291,87,50.7361995900394,70.3349558543573,"No"
92,66,"Male",52310.6825162074,55,57.3633381455181,106.047227703655,"No"
93,51,"Male",38657.6559649208,76,56.6171277691595,127.46232772118,"No"
94,21,"Male",55731.2649401154,55,66.0352059838129,115.641744006918,"Yes"
95,30,"Male",29101.580988781,7,58.5003977821244,84.0293408494973,"No"
96,22,"Female",52498.5165919426,21,47.9381099354249,86.862675657295,"No"
97,71,"Male",55455.6044817204,89,47.851070567401,90.6861549103937,"Yes"
98,80,"Female",44254.797830028,24,45.3192743566387,112.117868307738,"No"
99,68,"Female",54474.590262143,57,46.3626143918417,99.2096092549722,"No"
100,42,"Female",37654.6550343094,91,47.6331606050447,81.0988699441554,"Yes"
101,69,"Male",37364.683800918,51,62.2288074959827,69.7603077883107,"Yes"
102,39,"Female",53582.5870660486,38,26.7164036730191,111.185943259572,"Yes"
103,42,"Female",44914.5763425544,51,42.9815417158966,79.1207309925024,"Yes"
104,49,"Female",53384.8407968782,92,48.6711928063334,109.940241448756,"No"
105,63,"Female",33681.5074053976,59,37.167415962468,101.461418311628,"No"
106,42,"Male",29875.6759876246,18,66.1910061010553,114.435420298862,"No"
107,40,"Female",45564.7239258756,14,47.6605169898814,121.883430020994,"No"
108,52,"Male",41011.2760395559,90,38.8308186878641,71.5341122100478,"Yes"
109,57,"Male",60751.7647297492,48,41.0838621318932,120.44607315089,"Yes"
110,65,"Female",53804.7301754027,43,58.7239516251344,113.756301578419,"No"
111,47,"Female",49150.1702015574,49,68.6900934050409,93.8509022067815,"Yes"
112,29,"Male",43111.6735656487,40,48.7573149618776,99.6050188885926,"Yes"
113,48,"Male",68394.0017388769,29,51.0702880737631,109.767967714033,"No"
114,74,"Male",53964.3307146425,23,40.514649399449,113.210016207082,"No"
115,63,"Male",68698.2738280782,71,63.1664471072918,65.7191334537094,"Yes"
116,47,"Male",61177.0048473839,4,57.2265692634597,129.177139622146,"Yes"
117,52,"Male",57756.8322288674,76,26.7074653714247,71.8420903327211,"Yes"
118,31,"Male",44450.1596782876,60,43.5476745418247,58.3767176146219,"No"
119,46,"Female",72273.2464717628,82,47.6588250565847,119.084787713006,"Yes"
120,49,"Female",57136.3991346033,26,38.9183932661947,69.7681549109357,"Yes"
121,24,"Male",42815.4648239626,17,47.2677582439784,95.5171373193467,"No"
122,20,"Male",45887.6267024756,60,38.6655884573581,73.0694220897716,"No"
123,40,"Female",70957.0520963183,30,53.5930795373057,64.1083138130462,"Yes"
124,71,"Male",60901.7613583202,33,53.3564476386514,91.1577200789901,"Yes"
125,75,"Male",38546.2633704252,38,58.1098435313938,112.942240489979,"No"
126,32,"Male",29451.9210651093,34,54.1645613593357,106.317987602354,"No"
127,38,"Female",62580.6478134494,42,65.9411403885386,87.1505236736163,"Yes"
128,54,"Male",43524.6104305763,50,46.138621227119,99.6848590585835,"Yes"
129,25,"Female",45094.2887527478,97,28.4669663256357,98.0260970500499,"No"
130,68,"Female",31271.8319495131,88,50.2565921307989,99.5295102287711,"Yes"
131,27,"Female",67437.3636687875,34,56.498488450255,91.0792340961359,"Yes"
132,67,"Female",48826.719268464,85,45.987644004872,107.218998052207,"No"
133,59,"Female",33567.5520563218,42,64.0087647763291,78.3459497801715,"No"
134,61,"Female",62626.5868485489,75,60.9476867868607,107.550347915491,"No"
135,51,"Female",50082.343910497,30,55.3749329892122,93.2118459104168,"No"
136,27,"Male",40469.0143667464,8,50.6977475777461,93.2880281594353,"No"
137,39,"Female",37760.9189820537,93,44.4849936680621,114.116081872676,"No"
138,80,"Male",51129.7906176499,98,48.2305663221806,91.4485635596373,"Yes"
139,29,"Male",62901.9577220167,60,54.6917784766992,80.2929949692484,"No"
140,37,"Female",48027.4021432221,55,59.6779678824769,75.9392331697552,"No"
141,63,"Female",42878.9812131333,78,47.0388534318567,113.380654867294,"No"
142,34,"Male",61571.5395704521,4,42.7174674157636,53.334252453219,"Yes"
143,79,"Female",60682.6165637447,26,74.756058618661,91.6616885287395,"No"
144,63,"Male",62493.4726154581,50,55.185571703497,103.629127752913,"Yes"
145,71,"Male",53082.9256115885,36,40.9639679466255,72.5007918369619,"No"
146,52,"Female",41229.0001177632,81,59.3097905634325,100.139259174475,"No"
147,57,"Female",54441.4558305429,10,50.6168649789785,113.404800378685,"Yes"
148,63,"Male",45477.9233851883,51,58.2678924852163,63.5114282538018,"No"
149,68,"Female",24235.6000507067,58,50.5179695256083,82.2557208228724,"Yes"
150,47,"Male",53521.0815114235,65,49.4157094875479,135.245248879677,"No"
151,32,"Female",59088.7583333911,14,50.9061162071226,86.9075115705454,"No"
152,41,"Male",54216.4430595857,69,54.1278079705255,80.6781108014236,"No"
153,66,"Male",52194.7389703669,77,43.8991426845607,82.8456287649963,"No"
154,40,"Female",50709.6738539092,79,43.4463676972686,91.3136120084019,"Yes"
155,60,"Female",55200.1203491947,52,48.1522079386064,103.718397725063,"Yes"
156,24,"Female",42638.1100462531,92,51.7130143163709,85.9266546616918,"No"
157,46,"Female",35894.720018561,60,46.826235447306,104.034391983351,"Yes"
158,32,"Female",51359.7757078262,84,53.169845624579,114.039054945509,"Yes"
159,40,"Female",41973.9682290301,20,38.98264587398,106.723630244402,"No"
160,43,"Female",55738.7490627873,71,35.6904154713262,114.996514025908,"No"
161,55,"Female",35476.9611428622,32,68.9201063250808,83.982353296229,"Yes"
162,63,"Female",66108.6624388825,44,53.9787711306031,97.5451721387198,"Yes"
163,80,"Female",64149.0308720653,21,46.0297186660542,113.285771830027,"No"
164,49,"Male",39904.2871373603,56,47.2004215150964,101.099157664696,"Yes"
165,24,"Male",64190.7815577158,32,57.8511853104356,104.253900676828,"No"
166,44,"Male",35488.3756195284,50,47.8967918577064,101.017213594402,"No"
167,59,"Male",46559.5253356272,39,51.9211496387668,103.658337013391,"No"
168,22,"Male",49114.931358583,36,47.3527437390155,99.5065414325635,"Yes"
169,23,"Male",59294.2813439965,43,44.9860894206324,78.0121800357817,"Yes"
170,33,"Male",56127.4739875568,94,56.0218981352026,103.47998662145,"Yes"
171,41,"Female",34958.2607848135,34,51.4149455835015,90.8926655530144,"Yes"
172,49,"Female",42859.0775137539,99,63.0181266697034,128.715577236031,"Yes"
173,38,"Female",48042.0746816338,99,38.7460314232526,89.4081966077425,"No"
174,72,"Male",55643.3701163242,5,48.646925939506,103.043027921437,"No"
175,28,"Male",62573.2498956591,37,47.9101105118021,60.5347735180764,"Yes"
176,53,"Female",43654.0716519692,47,39.2513766608633,86.8224247859761,"Yes"
177,61,"Female",54242.32788028,4,59.9785872625827,83.4309470223453,"Yes"
178,63,"Male",51800.3118571947,98,48.9260025092586,124.634070861342,"Yes"
179,77,"Female",47704.0508057537,18,36.1444200956853,96.9782809812961,"Yes"
180,78,"Male",49267.9228820634,38,44.0785937260578,102.89912549313,"No"
181,36,"Male",43178.2757194587,35,38.9466643935391,106.005938240981,"No"
182,42,"Male",49151.1070062367,93,60.3908851261442,89.3777704147068,"Yes"
183,56,"Female",65824.3402104677,87,75.4290445686211,106.014302833681,"No"
184,71,"Male",25929.7516926742,74,43.2628418086359,130.132480810396,"Yes"
185,43,"Male",46880.5209994587,82,49.077699918982,112.339854199136,"Yes"
186,26,"Male",39179.5555294579,66,52.7973503429066,114.288001164061,"No"
187,24,"Female",58216.4386583994,55,77.0895941900681,83.3095434849621,"No"
188,51,"Female",55554.2647053691,98,26.7099653632426,103.580950785536,"Yes"
189,65,"Male",26779.7258306114,97,44.8604426430368,105.866928734307,"No"
190,30,"Male",49271.9711002384,72,37.9720524277226,86.8979673981686,"Yes"
191,36,"Male",75965.6748722506,86,47.7237519376309,102.348410966719,"Yes"
192,73,"Female",51135.1007466535,82,47.2410078241399,139.470561807988,"No"
193,69,"Male",62878.9062211632,100,42.7019119397507,80.5093353607716,"No"
194,64,"Male",52785.651051995,6,68.3415571752355,111.058953024156,"Yes"
195,56,"Male",63797.6836997107,54,52.5706533706498,78.5235774049547,"Yes"
196,21,"Male",45109.6543458602,41,73.9358537418796,107.039935385609,"No"
197,18,"Male",54059.0883744956,77,58.2361662621835,79.1635044851808,"No"
198,57,"Female",49123.9234744578,14,37.3468784974396,111.807023033719,"No"
199,47,"Male",54537.6379990828,89,42.4650878493182,74.631202024025,"Yes"
200,47,"Female",27457.5276771695,77,52.7303841916295,100.409553294142,"No"
201,69,"Male",37224.9940904411,100,44.2210105891496,126.826325175487,"No"
202,42,"Male",48350.5859553416,9,53.5428968907761,95.5505182510112,"Yes"
203,33,"Female",45854.1826237572,86,57.3257264195822,97.8720481159273,"No"
204,41,"Female",59528.8095707738,34,54.2112227665107,128.083806235795,"No"
205,71,"Female",46998.1754952438,76,48.6538716582915,140.72593106323,"No"
206,28,"Female",49893.1126273833,41,43.5646106613742,149.662102254133,"Yes"
207,65,"Female",60191.2547691678,9,37.1067931083584,92.1274935113915,"Yes"
208,37,"Female",56756.7316091774,82,53.4089489859831,78.8972681868194,"No"
209,57,"Female",47225.0194688084,31,59.223356740929,113.02308684835,"No"
210,20,"Male",56539.0913911004,9,49.2033059025482,108.711908885137,"No"
211,46,"Male",50803.5019013002,89,57.5361765272448,125.704164687333,"Yes"
212,53,"Female",54559.026069188,98,72.27529683524,103.004267353674,"No"
213,69,"Female",58345.3206045792,98,69.3382128195771,103.216387188979,"Yes"
214,61,"Male",43072.760253967,58,45.0509452322386,130.275172688663,"Yes"
215,39,"Female",34282.1227084346,37,55.4671184139507,103.239815399499,"Yes"
216,66,"Female",59675.0737984717,66,42.9778936225387,113.644702538887,"No"
217,59,"Male",34055.2486914402,20,56.8981342390161,109.690350899972,"Yes"
218,76,"Male",52024.5225694633,63,49.4163685992325,99.1105615921709,"Yes"
219,37,"Female",45882.6196577164,100,52.7758757806665,89.3037767353944,"No"
220,28,"Female",57507.9813169561,84,41.409853855908,93.2490431295517,"No"
221,74,"Female",72561.07170856,84,62.0537791583264,61.0294606375398,"No"
222,72,"Female",43381.3010777177,40,49.1582003352313,125.569100329979,"No"
223,25,"Female",48758.8566753048,16,45.5408004204494,68.0977834158391,"Yes"
224,63,"Female",52693.9593346158,63,49.2337862738481,88.1859903338053,"No"
225,38,"Male",41554.2604375175,2,50.7639837999588,92.5933790854049,"Yes"
226,62,"Male",45862.7765665183,44,66.3686401169385,124.110567133757,"Yes"
227,19,"Female",37138.6835322736,16,38.8927601166625,101.157014084963,"Yes"
228,60,"Female",33287.7211213127,20,74.5899120349098,118.884505787535,"Yes"
229,30,"Female",40596.2275268147,65,42.2668761353699,94.1153630101486,"Yes"
230,63,"Male",52232.326616406,17,51.7464337496006,133.427368968802,"No"
231,23,"Female",49863.341620207,9,29.4185863525075,109.739956367138,"Yes"
232,74,"Male",40421.2189474825,38,43.4553946967028,110.945884347362,"Yes"
233,25,"Male",45331.4791241763,32,57.3177336412873,117.550619679381,"No"
234,61,"Male",45041.3142935533,89,55.0523305857902,70.3553549454211,"Yes"
235,49,"Male",43396.2856644487,74,54.1057222175255,99.7895197519809,"No"
236,75,"Female",39564.7885455934,90,45.3323469646731,104.288484970873,"Yes"
237,53,"Male",53215.1997145518,48,31.5642753394217,84.6654150332644,"Yes"
238,62,"Male",55451.4687720309,32,39.2717537294058,100.243410399302,"No"
239,78,"Female",43639.0237682698,19,47.7017123467596,85.5731933830326,"No"
240,31,"Male",63763.8412297219,75,56.216371749907,104.394948593592,"Yes"
241,70,"Male",60125.1924845691,79,58.374454813897,64.3034355355623,"No"
242,33,"Male",44601.0486003453,7,46.9711195084609,105.68819177347,"No"
243,40,"Male",39275.8211625104,92,48.4844746558761,87.2745301294278,"No"
244,78,"Male",54289.1268361738,3,48.3714847747626,118.786797948238,"Yes"
245,50,"Male",45175.4210162634,60,50.5784553295573,60.5377900369353,"Yes"
246,57,"Male",49093.534287618,82,65.3714488558615,100.850266186117,"No"
247,57,"Female",57918.4755037233,51,42.7328747190961,95.5818071507508,"Yes"
248,27,"Female",50687.5465348292,18,47.9523728044765,118.810472262568,"No"
249,42,"Male",43860.3355551193,25,50.78726292443,68.3997778237437,"Yes"
250,25,"Male",42858.1876096523,18,36.6173410681494,89.0253796987006,"Yes"
251,35,"Male",53242.4951331548,97,40.7897076479705,114.237230347238,"Yes"
252,78,"Male",53432.8235005793,94,52.0026194860911,112.25747245197,"No"
253,70,"Male",45603.8059188237,4,54.2706912773909,107.126682151978,"Yes"
254,26,"Male",53450.9672040133,10,61.4009020938031,105.771406145378,"No"
255,24,"Female",40802.4026162848,19,45.3429404356149,66.6291657194477,"Yes"
256,24,"Male",67831.1081665491,38,64.5390062123435,117.021243943571,"Yes"
257,75,"Male",35782.8810360864,21,41.3544378268046,104.315521269002,"Yes"
258,78,"Male",66421.8336197998,36,34.0371692049774,63.7058582940625,"Yes"
259,77,"Female",51242.3688818055,72,30.5398655444801,96.5309733969578,"No"
260,27,"Female",50011.2331300115,71,61.0405027494058,119.07535522544,"Yes"
261,41,"Female",36710.2407730194,33,53.0487211130546,114.075751689556,"Yes"
262,80,"Male",57797.2661545019,34,48.6957811005147,87.3743009919485,"No"
263,71,"Female",62904.4748552405,13,47.0638661298811,118.151835364197,"No"
264,40,"Female",39794.3221959324,99,65.8625545540677,92.0607334853271,"No"
265,43,"Male",57047.045402126,32,62.0114550405925,107.639179309069,"No"
266,60,"Male",63287.5193329595,12,39.9626028880075,118.570654022853,"Yes"
267,50,"Female",67166.4909527313,4,36.0898301718377,107.811521775363,"Yes"
268,74,"Female",41404.1381031314,89,60.8529588092986,86.9459490250568,"Yes"
269,78,"Female",39864.4970644051,91,55.6061180601734,116.399647336291,"Yes"
270,46,"Female",47797.5376348135,51,44.8901901491029,129.548601715666,"No"
271,68,"Female",51588.2310712791,76,53.964519655711,81.4160713241473,"No"
272,27,"Female",41307.2594549241,1,29.7676889608864,96.3561133362803,"No"
273,70,"Female",42693.6231137342,89,43.3485852706655,120.073169433488,"No"
274,71,"Female",61116.3317335718,81,54.350072055261,82.9601622374259,"Yes"
275,30,"Male",48336.1863407797,16,49.2708836097604,65.6124839407364,"No"
276,60,"Male",59676.9527166576,2,37.1811235588467,90.1060192939046,"No"
277,28,"Female",45016.8060465061,71,60.1526613067697,121.329795549167,"No"
278,42,"Male",59268.8584130769,64,61.6305933920202,72.7630473451308,"Yes"
279,69,"Female",50811.4309995741,31,40.59960161543,95.0339233879848,"Yes"
280,43,"Male",48855.4149025452,59,48.1453337087698,119.238601562973,"Yes"
281,24,"Male",31350.0197997078,46,57.3061393946025,100.938549085437,"Yes"
282,42,"Female",35780.4284734651,59,58.6372484271866,111.3383810867,"Yes"
283,40,"Female",57108.4137010319,15,44.7125238536514,132.47960320098,"No"
284,43,"Male",37051.8603243813,16,41.214601604319,118.015424229103,"No"
285,49,"Female",39339.6730774854,94,53.4507540684539,111.823813029452,"No"
286,37,"Male",51634.3237365726,39,30.8398178197033,109.819728163676,"Yes"
287,78,"Male",59154.5948978001,100,40.4992241065164,76.8316679272681,"No"
288,41,"Female",47062.3563707263,32,57.7358712705744,116.783937868798,"No"
289,74,"Female",58299.905534138,68,32.962015944857,110.84213243744,"Yes"
290,26,"Female",37406.7785494491,74,37.9922287321736,108.072414685446,"No"
291,58,"Female",60031.6941443099,10,47.5921493638563,101.144006875499,"No"
292,54,"Female",57629.7414645726,65,46.9792649886279,74.579042337977,"Yes"
293,40,"Female",44667.6060106304,46,32.4595524231272,103.071875039535,"No"
294,31,"Male",53064.2086688249,93,55.0937884189092,125.099121904353,"No"
295,63,"Male",62053.838262019,100,39.7854366291624,87.7657408030407,"Yes"
296,23,"Female",39972.7421310853,40,48.4194106259678,63.983015050465,"Yes"
297,44,"Male",41077.5407579026,75,48.0342779299905,136.760557403719,"No"
298,18,"Male",50301.4891127198,6,56.9662874083119,88.7144412642745,"Yes"
299,43,"Female",45780.0142388191,49,49.3401854028639,122.807132013048,"No"
300,59,"Male",47525.7490025789,12,48.6565201445174,112.481069409456,"No"
301,66,"Male",56441.5115004848,55,66.5474084400222,133.154722004911,"No"
302,75,"Female",52185.1336485956,29,53.7189488202031,99.1581883090538,"No"
303,34,"Male",65249.0474086339,1,56.235404626101,93.9911094365403,"Yes"
304,46,"Male",39759.5328969605,67,54.748986268307,134.645159583034,"No"
305,43,"Female",55195.0064514529,70,55.7163462664524,143.13059646799,"Yes"
306,44,"Female",50247.4207216196,92,63.3573646703799,106.370377607025,"Yes"
307,38,"Male",40293.5049595921,2,49.4289583903341,103.396940910469,"Yes"
308,24,"Female",33039.8043641382,72,52.4284394642243,114.846989965821,"Yes"
309,77,"Female",56628.2028634118,95,69.6963413281427,86.5492661918094,"No"
310,70,"Female",49170.6904040381,98,44.6996168657052,109.956523047749,"Yes"
311,43,"Male",37085.0417209835,52,62.9100897953624,80.2077599571857,"No"
312,58,"Female",52927.6336035325,49,43.9292180392768,94.0504077117541,"No"
313,37,"Female",49020.906078162,64,67.1013967532023,115.897670676633,"No"
314,23,"Female",65977.4603514018,36,43.3375262023935,84.7409317964927,"No"
315,67,"Female",40743.4531219709,71,41.8562772328474,117.017212472629,"Yes"
316,47,"Male",58406.8489983298,90,60.3640262444953,110.043581193722,"No"
317,48,"Male",43589.4492663266,63,59.6493153261291,128.674850710321,"Yes"
318,46,"Male",35410.8437998588,61,55.5171083746008,143.313259787095,"Yes"
319,34,"Male",61778.1776101491,50,52.7318852934028,88.4924848485892,"No"
320,54,"Male",27207.804150174,84,52.418598033419,107.812776652067,"Yes"
321,74,"Female",52722.0784493045,16,70.5476070604651,131.173275621918,"Yes"
322,37,"Female",55510.7436940952,24,35.6746550478191,103.980908554531,"Yes"
323,52,"Male",54047.5454380206,1,40.1366368294673,86.9237399736064,"Yes"
324,42,"Male",43961.6710212537,6,37.2085987709391,80.0485838916952,"Yes"
325,63,"Female",40779.6899485722,72,59.6075549037634,128.008886064186,"Yes"
326,50,"Female",54799.1072230901,67,47.5435806466613,151.989834113681,"Yes"
327,19,"Male",51058.8156759606,70,48.699915441032,79.0539943397818,"No"
328,21,"Male",38596.2204669848,16,67.8330681833913,102.210746080442,"No"
329,27,"Female",40285.1417765643,34,44.2097354721546,68.638617087713,"No"
330,50,"Female",39303.4818497449,14,70.2279460124328,101.393424126283,"No"
331,22,"Male",30978.2297796509,59,35.9055918635637,93.8564027049536,"No"
332,70,"Male",60538.6673938074,70,63.1783561304849,99.7589342749256,"No"
333,42,"Male",48602.6963244017,23,53.2312100257483,157.897087816093,"No"
334,25,"Male",46194.0202088566,85,46.1139948000837,72.0263904308066,"Yes"
335,72,"Male",64761.9746411709,1,48.2716309661293,108.642268034129,"Yes"
336,42,"Female",56107.2733838952,86,63.3897466777892,136.653154334227,"Yes"
337,38,"Female",65568.5695685373,68,67.0380587237689,87.7795491316827,"Yes"
338,62,"Male",72790.8228193014,27,33.2153217894866,83.6131457367963,"No"
339,35,"Male",45281.9343017429,43,84.2109460835705,100.966189208916,"No"
340,59,"Female",52126.8648427526,94,75.7794265437777,126.011027399129,"Yes"
341,48,"Male",76662.6360691783,30,44.7467816534438,93.1375031919001,"Yes"
342,23,"Male",59020.9470602399,66,49.3561809479307,79.4841745844331,"No"
343,24,"Male",71864.0773262098,20,43.3645264446333,101.410970835851,"Yes"
344,78,"Male",55953.2004855659,20,49.0699891140981,59.6436146377852,"Yes"
345,58,"Male",53327.6127318499,64,57.3985943824584,70.490897580258,"No"
346,65,"Female",63992.2709008404,1,51.0336281493056,121.729255961819,"No"
347,34,"Female",60630.3044898296,32,51.9200699820434,109.176311488848,"Yes"
348,70,"Male",47906.8634398838,74,64.7880760269639,56.5200714007205,"Yes"
349,62,"Male",49984.0492415907,57,27.9613152141915,112.352325144459,"No"
350,45,"Male",45969.9493799877,78,45.0855695259818,53.9040929510217,"No"
351,80,"Female",63247.0407017108,65,51.4441727126289,91.0606257630978,"No"
352,70,"Female",44688.6869103807,39,42.1689936268232,105.989813539174,"No"
353,57,"Female",51677.7514105146,11,60.6096624028704,71.4305082655085,"Yes"
354,70,"Male",37460.6177697047,39,45.5449435787797,125.349949680658,"No"
355,80,"Male",63745.9925253031,29,45.7081984622723,124.290115798906,"No"
356,24,"Female",63078.5594599729,46,61.8901180052985,86.5028813791446,"No"
357,37,"Male",40345.9528101252,91,58.342940730615,122.420438197649,"No"
358,35,"Female",38164.4247115868,61,48.4969252213592,103.9309955312,"Yes"
359,46,"Male",57633.9802103772,69,46.7224286721354,113.002263773345,"No"
360,34,"Male",48146.2200856391,86,35.5183470981601,113.42008375804,"No"
361,50,"Male",49206.4494087208,58,43.0271541544838,74.3168446973554,"No"
362,19,"Female",57022.0997357684,46,75.9849023212988,59.4778083442094,"No"
363,66,"Female",60261.0781140145,44,49.6258498636595,144.106521287417,"Yes"
364,19,"Male",40951.2876317432,40,59.1349189044332,104.627798598223,"Yes"
365,30,"Male",28244.5352844058,32,48.1547350173527,107.512845203696,"Yes"
366,41,"Male",58276.0512804032,71,56.0982429616145,76.140629634038,"Yes"
367,66,"Female",37283.1813602504,86,49.4727319101203,122.650996836202,"Yes"
368,80,"Male",50719.471596495,100,63.6392195568146,136.789535899033,"No"
369,20,"Female",38160.6128214812,97,44.9636658286562,130.557402090968,"No"
370,35,"Female",51313.8206774168,34,32.909398313183,59.5274595448448,"No"
371,19,"Female",48501.4756984274,1,58.985496831277,79.1898400273341,"No"
372,54,"Male",64160.434521694,11,47.6226597350568,101.95583203581,"Yes"
373,80,"Female",49034.2125150728,40,64.6340758053025,113.936815987714,"No"
374,29,"Female",44422.1151422037,48,51.2437826647931,89.122229667798,"No"
375,74,"Male",46815.4166472655,13,64.5374084383311,82.8290139611196,"Yes"
376,30,"Male",47794.580877896,17,53.5022695950742,104.595718726717,"No"
377,59,"Male",44203.5185645096,11,46.5097452034023,81.1471369678494,"No"
378,78,"Male",51889.1798600096,64,57.2559860781983,140.870086042087,"Yes"
379,23,"Female",46487.3487655815,58,45.4076157037853,63.4900920020033,"No"
380,59,"Male",47554.4873752052,74,66.8475923125393,110.175844148002,"No"
381,59,"Male",60947.937862701,50,51.4658401680351,60.0734558653967,"Yes"
382,55,"Male",34892.1722629628,14,29.7014290707041,90.1135416562417,"Yes"
383,77,"Male",45035.4923201253,12,45.2782991989397,129.686745683152,"Yes"
384,65,"Male",56198.9575738046,96,33.6762807321296,122.435371486429,"Yes"
385,33,"Female",70060.2551766335,73,28.216446939054,72.0027870380016,"No"
386,52,"Female",52119.4168149232,4,50.5920865108761,70.4780392741091,"Yes"
387,53,"Male",26483.2493311815,59,56.4786063669764,101.162116794815,"Yes"
388,44,"Female",63273.3752794242,43,42.3857311133469,80.9404672250747,"Yes"
389,44,"Female",49142.2088105665,27,36.7115767387606,108.115402296573,"Yes"
390,52,"Male",49132.9364263693,100,43.9796925277163,80.3212303220961,"Yes"
391,78,"Male",47494.6168070217,50,34.4947472764952,67.7975396806022,"No"
392,40,"Male",53953.4471475669,76,57.0300179515007,91.3966246420635,"Yes"
393,20,"Male",62369.3745907453,9,55.7450300510831,75.5157873440657,"Yes"
394,48,"Female",51438.5911148023,16,34.0470849043379,121.732839346442,"No"
395,65,"Male",35505.5142890209,28,43.7593113842929,93.3038883923771,"Yes"
396,19,"Female",52698.6716382827,92,60.4721605508961,99.243185921999,"No"
397,64,"Male",63386.8649072119,77,48.3194076467193,127.611826597849,"Yes"
398,40,"Male",66111.4313058128,71,50.0951589246488,137.156424848338,"No"
399,20,"Female",47127.6981292604,3,54.17240223978,98.9409956437496,"Yes"
400,26,"Female",59437.3342049934,87,56.2683419668077,106.6667240156,"Yes"
401,78,"Female",38765.291926888,12,62.0624313870859,126.181953640728,"Yes"
402,56,"Female",72646.8094582889,88,57.7256536861362,96.510755103067,"Yes"
403,47,"Male",55564.6476555535,20,36.2243293593515,79.1274826978559,"Yes"
404,48,"Female",47125.9542603333,16,46.3757307468482,119.884007323231,"Yes"
405,47,"Female",61758.9067622553,33,53.0229849579678,69.5073092074034,"No"
406,26,"Female",46603.2923627914,43,48.9092012388187,95.0949374170037,"Yes"
407,53,"Female",42128.6094454533,65,28.2083471879607,91.9568984435307,"No"
408,51,"Male",46885.3180046645,52,42.4188527500562,89.5451132726461,"No"
409,39,"Female",51624.3481204179,16,60.1455115132308,44.9278249170187,"Yes"
410,75,"Female",58932.6993716462,35,51.5804716206518,88.2619951558534,"Yes"
411,61,"Male",46680.5314641881,15,35.2743956238528,125.326258614519,"No"
412,58,"Female",50316.4965213942,89,52.1592620622954,90.6225868993344,"Yes"
413,45,"Male",60336.0032016034,40,48.4129252679215,87.6191362958412,"Yes"
414,46,"Male",47619.1686579065,17,56.7185387340111,86.6772103452306,"Yes"
415,78,"Male",56038.3886693012,22,71.0655860175097,82.5052141259824,"No"
416,60,"Male",55244.0358018148,30,34.8409986893714,102.92043407682,"No"
417,56,"Male",43623.403842737,41,44.949364780092,111.855614161753,"No"
418,62,"Female",41564.6187655931,13,48.612370596576,128.974115002132,"No"
419,54,"Male",43906.4833036456,57,28.6379499961623,68.6781742298484,"Yes"
420,60,"Female",32095.1373569425,1,49.6878000403984,107.907066613673,"No"
421,50,"Female",47601.5333636781,52,44.0683096208757,96.9353208007357,"No"
422,36,"Male",64844.2693258801,76,72.3560276857964,105.705720371446,"Yes"
423,29,"Male",56613.821682287,31,20.8202378611664,79.3656546314743,"No"
424,51,"Female",41847.2076650373,64,64.8822116820748,100.910228352229,"No"
425,38,"Female",45642.6315403605,94,60.0802466769112,76.9277242572454,"Yes"
426,34,"Male",57315.3658395996,34,57.350916296203,113.194065527757,"Yes"
427,80,"Male",65047.3578503887,42,51.468119927248,81.0762036653802,"No"
428,29,"Male",46902.8565118822,5,42.891997047958,101.270945571358,"No"
429,47,"Male",37131.4608566,3,61.0563140078162,57.4553464614168,"Yes"
430,52,"Male",39573.9257455332,5,41.1425293496441,106.539337221862,"No"
431,47,"Female",60482.8677637932,77,56.9476181786188,122.154457954032,"No"
432,42,"Male",43770.8291831742,79,54.0263918531464,115.323257535498,"Yes"
433,67,"Male",67087.3840157997,6,60.7623819643517,121.073459646226,"No"
434,64,"Male",55085.0840623175,65,44.0345356851151,72.8811440307702,"Yes"
435,71,"Male",52765.099301183,74,44.1901237202297,96.6139722685323,"No"
436,20,"Female",63979.152254961,55,53.0207656381221,98.6059802396317,"No"
437,68,"Female",32921.1235901092,25,53.0568515551434,114.403912973903,"No"
438,74,"Female",60482.2439665192,43,63.7399835400225,96.6443624692288,"Yes"
439,35,"Male",66649.4265050798,20,54.8539942838607,95.9344216796969,"Yes"
440,49,"Female",40482.0301167856,82,51.4484003934765,133.562565002249,"Yes"
441,34,"Male",47204.4614200648,15,58.4261984391545,121.818702560572,"Yes"
442,55,"Male",54009.0657581765,90,44.5639218423724,64.8711074065644,"No"
443,59,"Male",35997.7627182138,39,60.929718962791,92.3077841401021,"Yes"
444,57,"Male",51516.6107535774,3,39.7745839613841,80.1568362520433,"Yes"
445,59,"Male",44273.0247256649,88,53.3814737137287,159.431700665686,"No"
446,49,"Female",53297.865114232,61,32.9315423638727,90.1133093730739,"No"
447,43,"Female",47366.1048293736,19,52.4644925820667,122.960795668783,"Yes"
448,30,"Male",56179.4489148207,37,34.3203686885797,101.925424980918,"Yes"
449,37,"Male",48371.0402486911,47,47.6851505503467,102.176604202896,"Yes"
450,55,"Female",44916.759342406,83,32.4254454993354,109.904738980754,"Yes"
451,37,"Male",53314.0151637905,54,43.6038017010125,97.1471300466191,"Yes"
452,46,"Female",55743.7773163022,7,42.2383309006571,116.658739921191,"No"
453,37,"Female",55333.1433051397,92,55.5477465298797,111.196475469676,"No"
454,47,"Female",52483.7592219093,16,44.1787786991429,66.2980810858498,"Yes"
455,58,"Male",42819.9120859782,5,42.3140489812745,88.8877537483193,"Yes"
456,65,"Male",36729.0772316446,24,62.2151568781476,89.5329375337881,"No"
457,25,"Female",65953.3273710626,56,66.6917040967207,89.8779134733248,"Yes"
458,56,"Male",54327.8792650681,42,60.9348038421025,121.305697704397,"No"
459,27,"Female",39105.0087142497,33,35.0875749485855,129.740540687487,"Yes"
460,34,"Male",36820.1446438431,36,62.7665308259526,81.5639810142587,"No"
461,80,"Female",46584.0515447876,27,37.714624292603,110.828709314052,"No"
462,35,"Male",47024.4473621023,63,49.2804897801819,76.6046414794033,"No"
463,57,"Male",50885.126419635,20,57.3445820331274,88.8583924662476,"Yes"
464,68,"Female",60906.4461000821,9,47.8611291960997,105.969310872563,"No"
465,59,"Female",34735.4692908759,69,48.4960719638218,96.2215442177097,"No"
466,72,"Female",65192.8992015584,7,51.2538242623055,86.3909959375447,"No"
467,28,"Female",54520.8542030445,53,54.2785802210652,74.8510291652641,"No"
468,66,"Female",49207.6055924744,33,54.1135067907326,93.7646692662636,"No"
469,61,"Male",53055.692851557,52,32.7363874613336,101.049960915383,"No"
470,19,"Female",41435.3082249015,2,48.2435176594011,111.2446762493,"No"
471,36,"Male",61039.2464488729,1,52.8683852320497,82.4836635327494,"Yes"
472,30,"Female",57801.7265262234,31,55.9074001163935,111.735119255818,"No"
473,30,"Male",35957.4785159393,42,46.8263971583737,76.7232085825685,"No"
474,48,"Female",41184.3725485332,4,42.9734835956583,89.0777595584024,"Yes"
475,47,"Male",48276.064790523,36,36.3241219840402,109.007543397372,"No"
476,68,"Male",41126.7216817094,64,42.7119275108017,86.1496905162966,"No"
477,39,"Female",33440.6452571523,34,48.7847507435708,84.4080778206934,"Yes"
478,47,"Female",43621.9547321193,16,43.6479395112681,99.0533468015887,"No"
479,27,"Male",47101.4217320301,60,55.9470268812058,100.708691311836,"No"
480,33,"Female",35787.050167148,16,53.6750123089776,118.689639174751,"Yes"
481,22,"Male",48780.0490259354,40,33.9126156531373,95.3322795948857,"Yes"
482,53,"Male",39292.2072917149,99,53.1733184479833,65.984238340005,"No"
483,67,"Male",31122.4605606634,84,55.4170465821794,86.8832380237282,"Yes"
484,50,"Male",42567.7896785993,43,47.3867301008549,87.3905906330484,"Yes"
485,33,"Female",41243.5278442649,17,49.7350423803364,81.3534482139205,"No"
486,45,"Male",65075.9890515409,16,45.6776169304627,106.438074044201,"Yes"
487,66,"Female",45042.203035003,34,47.0661325721339,150.035301921195,"Yes"
488,29,"Female",54151.5507873148,8,39.9295987463269,115.883349428402,"Yes"
489,70,"Female",45986.0682568723,69,54.252075996399,96.9032088058744,"Yes"
490,45,"Female",44265.9118313604,12,37.7518340766451,110.073343681594,"Yes"
491,19,"Female",39062.0245591756,59,44.0953534467288,128.855364815338,"No"
492,67,"Female",35024.1547493979,95,40.8636193086151,93.8146564565959,"Yes"
493,29,"Male",54680.7622874313,23,41.2908228564333,113.289609410518,"Yes"
494,64,"Female",65764.509823297,66,46.3144436020643,111.237982329187,"Yes"
495,68,"Female",53219.115158776,15,45.1474748390724,97.5473034840989,"Yes"
496,70,"Female",54103.0153732224,37,43.0003812081797,101.130920132745,"No"
497,23,"Male",49891.6974324509,41,47.4656610321738,113.037820060249,"Yes"
498,33,"Male",59614.5366783582,79,34.1510239192082,99.4752271400696,"No"
499,75,"Female",54312.3220122812,88,51.1103836752132,93.2098200775346,"Yes"
500,32,"Male",33061.3302730758,73,56.3184615895685,88.1202003983789,"No"
501,36,"Male",31559.4062740863,75,37.1690130796609,105.819241520738,"No"
502,76,"Male",48094.9639205709,74,35.8689937840699,98.8995600458617,"Yes"
503,20,"Female",39706.6010372901,49,72.3199711011046,92.5652344561318,"No"
504,63,"Female",55903.1103917098,39,52.3950724081272,103.531769393187,"Yes"
505,50,"Female",45610.509509919,28,50.531929269048,84.5386615602005,"Yes"
506,73,"Male",59963.4754876334,17,48.0149254442298,83.9516078330187,"Yes"
507,50,"Male",66750.9190068467,37,54.9264776112074,127.471322653263,"Yes"
508,65,"Male",66510.1228187262,35,50.3724106109323,82.3728787463871,"No"
509,28,"Female",48031.7281861919,82,44.5408804764327,106.315761210548,"No"
510,53,"Male",41955.4370353404,78,45.6752393297796,80.6322684272349,"No"
511,73,"Female",48618.927989266,61,46.5551529366645,95.3878070700914,"Yes"
512,61,"Female",36164.6773509744,71,46.8033060422758,107.80724564267,"No"
513,62,"Female",62533.0648167576,45,42.4830112640303,79.8092643164272,"No"
514,27,"Male",31312.2501474101,31,60.7410152344092,111.90077342254,"No"
515,59,"Male",37913.3218629394,3,50.9382215565949,104.378304571511,"No"
516,41,"Male",55814.1565822151,34,42.2693317051176,93.6678741871079,"Yes"
517,45,"Male",53436.891223214,25,55.9124873494842,104.90933084805,"No"
518,56,"Female",58686.7103788534,75,53.5022847867813,101.500896705265,"No"
519,35,"Female",40537.5886744358,80,48.6242041881709,83.2069993246186,"No"
520,34,"Female",33910.2471331349,57,54.0088186704007,72.0587215958451,"Yes"
521,37,"Male",60008.8173089209,99,40.9362100471556,102.122635375641,"No"
522,76,"Female",55753.8951074278,36,48.0115974743793,79.9055765981524,"Yes"
523,26,"Female",72404.9359809806,7,40.0084529567278,99.2956002127056,"No"
524,70,"Female",39277.0480804084,10,38.161895655764,67.0384766903253,"Yes"
525,28,"Female",31636.6746572798,20,46.6860134981831,81.4193502022492,"No"
526,61,"Female",58111.228024083,62,51.6802480124848,105.442216283872,"Yes"
527,25,"Male",66285.8322153871,17,40.8699446931649,120.906455891807,"No"
528,67,"Male",48306.612404125,85,48.2494187171554,103.385570984305,"No"
529,22,"Female",58585.2514396662,78,31.6955387911376,80.1113003483962,"No"
530,46,"Female",45584.0322116239,3,45.5326274806527,91.6932520335204,"Yes"
531,67,"Female",60858.5836753438,52,61.7066727472609,121.872722533346,"No"
532,23,"Female",53721.7877826927,78,38.4858410232027,110.373685151358,"No"
533,27,"Male",55039.6503480584,96,38.0706797995331,115.740806779788,"No"
534,43,"Male",36876.2936234894,30,47.8013854149291,119.934019075797,"No"
535,26,"Male",42965.0863521899,35,55.3467073298313,107.549359544422,"Yes"
536,28,"Male",44287.7064353211,78,62.3610916552029,122.187599952728,"No"
537,72,"Male",47459.9035378095,17,76.5374072860382,80.5357208852885,"Yes"
538,23,"Female",36008.0336755234,11,58.0089323807475,105.992905116115,"Yes"
539,49,"Female",56303.8489211058,1,56.7145352655366,93.2103535734707,"Yes"
540,29,"Male",40916.3705787648,73,70.2792411706594,104.03477790183,"Yes"
541,36,"Female",52913.993426346,59,46.9907569613054,126.50795941851,"No"
542,44,"Female",33862.9196145808,91,47.8665059448933,110.075869640457,"No"
543,73,"Male",40882.9545006038,67,52.5327014961245,87.4072661241571,"Yes"
544,49,"Female",70940.3216959931,52,35.7991195515947,92.9969177416551,"No"
545,44,"Female",55607.870866514,44,31.6456334457201,80.9732274638371,"No"
546,47,"Male",50645.2987544639,22,68.0678937403827,98.2037149750202,"Yes"
547,72,"Female",38586.423013057,44,44.2500425748962,90.0080620384255,"No"
548,21,"Male",43128.7954445016,48,45.4211914320695,115.831453899267,"Yes"
549,41,"Female",40206.4158050182,41,40.0704423401056,90.1454479141266,"Yes"
550,45,"Male",54605.1894664166,94,51.4407259666599,114.206294220239,"No"
551,20,"Male",70440.1526078014,73,55.9114052243569,114.414602677348,"Yes"
552,63,"Female",65702.0900537657,15,47.7138876212659,91.2933956787069,"No"
553,57,"Female",51711.9022072469,46,50.1470469354737,128.529834861927,"Yes"
554,23,"Female",45899.1428067344,35,59.5139291492873,100.538486106558,"No"
555,53,"Male",64153.8014694189,8,49.8923192298621,86.9436315590791,"No"
556,72,"Male",62165.4967552784,48,44.38656527823,101.487987023837,"Yes"
557,59,"Male",48077.2343114054,65,49.3938991855349,80.1807496305604,"No"
558,65,"Male",67913.8752775548,90,41.57673653952,113.01986559139,"No"
559,76,"Female",54686.5126016772,1,51.0188808363953,82.0966402377996,"Yes"
560,73,"Female",42151.6386271594,29,41.0207421585165,125.859858700189,"Yes"
561,47,"Female",40124.8832193099,62,63.9392544527667,58.5158682860761,"Yes"
562,65,"Female",42901.0653346776,22,25.1347609561904,77.7507975541275,"Yes"
563,69,"Female",54425.5120663431,23,54.0129413581068,93.2330821507999,"No"
564,27,"Male",45677.9765874746,31,45.1197277703909,85.9860496005857,"No"
565,42,"Female",45041.1771118265,11,69.871488081498,126.938903426491,"No"
566,55,"Male",38398.9551722272,94,47.6553656931269,98.7914805614799,"Yes"
567,68,"Male",64300.8461818541,37,54.8183736039939,107.096088312496,"Yes"
568,53,"Female",50036.4752573586,95,53.8689396920434,114.147391146623,"Yes"
569,58,"Male",59859.7514758317,94,52.4767240933678,103.057559027141,"Yes"
570,42,"Male",42996.3626786394,24,55.1811983535065,119.220200752716,"Yes"
571,21,"Male",39084.5045085589,26,69.9741373388409,108.794324537443,"Yes"
572,32,"Female",36816.04327527,90,59.2750882368067,113.964276083786,"Yes"
573,69,"Female",54585.055292073,40,51.9642414887758,70.2798507129025,"No"
574,39,"Male",47334.7773549399,3,67.9026621898744,77.4735653185823,"Yes"
575,70,"Male",42556.113395236,20,55.8319774918996,55.4718502802679,"Yes"
576,66,"Male",57662.1199151383,85,56.5033359910166,94.9345427251215,"No"
577,41,"Male",50278.5142348818,14,62.450301486185,128.635129923962,"No"
578,56,"Male",41135.7138423859,16,51.6110662601997,80.4319433556795,"No"
579,64,"Female",32345.190671811,91,57.2549069145764,106.301264444966,"No"
580,77,"Male",59304.7688915097,80,47.2551978186773,108.819123283739,"No"
581,80,"Male",28578.7757343021,99,51.2483606539615,104.77052798581,"Yes"
582,54,"Female",36452.3796365717,14,50.3964262732746,94.3155477111551,"Yes"
583,63,"Female",59781.834754804,90,43.6026696246771,87.637119147529,"No"
584,71,"Female",60487.8517062032,81,70.3465321892986,87.2646407879084,"Yes"
585,64,"Female",45866.8360421284,63,44.4110240061116,100.349064943193,"Yes"
586,32,"Female",53563.7496415547,31,46.4422058932798,125.992768221756,"Yes"
587,33,"Male",45073.2494504012,17,63.2441739035745,84.1298502971215,"No"
588,36,"Female",57037.1942902679,84,49.7937777077102,97.549312257739,"Yes"
589,25,"Female",54895.8811141943,66,61.6812642718924,101.985363132016,"No"
590,48,"Male",63209.8528205102,16,43.9264287908519,115.828269802135,"Yes"
591,75,"Female",57260.4425030947,14,49.8715834069456,95.373437659513,"Yes"
592,54,"Male",50566.9012484159,37,47.4906312157358,112.754346148506,"No"
593,56,"Female",41847.1840559751,96,40.3088635959334,70.0653438385049,"Yes"
594,69,"Male",51064.3851580667,41,46.9668804663299,114.367993108862,"Yes"
595,65,"Female",45692.7021427016,24,43.4473286033482,101.927420155404,"Yes"
596,77,"Male",48076.7299709509,29,58.5744732494705,78.0870945134297,"No"
597,79,"Female",53215.1558162455,21,47.0901641697637,53.3928272735647,"No"
598,33,"Male",52702.9875805424,91,49.172187955557,92.693267301374,"Yes"
599,26,"Female",32898.4956447629,93,41.721553071952,113.377214642522,"Yes"
600,28,"Female",53227.5880809006,91,52.1519900561093,106.381105918366,"No"
601,60,"Male",47390.9952865883,28,33.8806364309637,92.7166722042918,"No"
602,68,"Female",46903.0850044588,10,20.5012821571677,101.001307126552,"Yes"
603,47,"Female",25541.999043263,93,68.8010634326583,103.119812038001,"Yes"
604,78,"Male",35529.6809208172,52,57.572616974227,84.9517894761016,"No"
605,27,"Male",52173.7780105526,18,56.3472863406044,101.091101578627,"Yes"
606,72,"Female",55655.7231826816,98,27.6349173419701,102.245370939363,"No"
607,78,"Male",54496.3605296258,4,56.7712911702719,85.5433707910352,"No"
608,51,"Male",51790.372452157,41,55.1981427057805,103.963911276291,"Yes"
609,74,"Female",46082.1465888463,47,49.2234495860005,106.211206276754,"Yes"
610,79,"Female",50795.1622558264,66,58.2503876265375,110.526472034115,"Yes"
611,55,"Male",50258.8750366049,68,61.205690307062,114.220930440393,"No"
612,37,"Female",52383.440392387,12,48.7783640081305,108.206212265187,"No"
613,80,"Female",53240.249057288,29,69.4533707765883,106.02797854384,"Yes"
614,63,"Female",51693.4953654124,50,59.8836269949981,98.0913980707547,"No"
615,31,"Male",64081.3176308833,75,62.2438538128579,108.975206104514,"Yes"
616,23,"Male",60099.1801293416,91,46.8488238516736,74.6150991577754,"No"
617,35,"Male",52553.928101371,30,48.688771443385,113.085403860829,"Yes"
618,19,"Female",56650.89888867,68,40.774145775461,89.3018125073913,"No"
619,73,"Female",24108.6172826278,10,54.0736908548036,146.750576453654,"Yes"
620,25,"Male",47560.8307118904,87,52.6401143438051,88.0732388215023,"Yes"
621,28,"Female",38940.3769484727,44,50.9128355394166,42.2474034190224,"No"
622,38,"Female",62807.3736898872,66,43.1931257113425,127.441706017428,"No"
623,74,"Female",50161.1165006837,32,47.6803050486902,88.0269523664231,"No"
624,24,"Male",43263.6951392041,50,69.8511178276459,111.859018357192,"Yes"
625,68,"Male",54171.7293291024,44,40.7084064289477,104.514841396066,"No"
626,40,"Male",68156.8251357799,6,45.939097673738,121.926241242763,"Yes"
627,25,"Male",44315.4366545969,81,35.9656744618754,81.9346795215335,"No"
628,76,"Female",45901.2558920276,24,37.5927093242407,76.2187681750414,"Yes"
629,27,"Female",44875.6477881378,39,47.1323479856481,121.299380003578,"No"
630,54,"Male",44277.5752230618,78,46.0871269821292,80.8286506498812,"Yes"
631,34,"Male",59028.275846189,75,43.8309843576743,69.3261176425371,"Yes"
632,72,"Female",42519.8806177109,90,42.2615569046712,115.559389900197,"Yes"
633,23,"Male",49199.0098946079,88,48.0337307678103,98.6948344881926,"No"
634,57,"Female",39447.184816281,42,61.3402054312043,145.564084487778,"No"
635,69,"Female",52720.364377339,83,46.4219881447332,106.872192452694,"Yes"
636,23,"Male",48047.1820033722,47,37.167961363769,92.9381451927741,"No"
637,64,"Female",37164.0070668534,78,39.3094819549931,87.456309002103,"Yes"
638,45,"Male",43581.5905023183,10,29.9565235092887,133.692173466073,"Yes"
639,49,"Female",40293.3675699888,47,32.8948367778193,75.7014423153702,"No"
640,66,"Female",37076.5381034814,33,42.5257981723703,112.339240906218,"Yes"
641,52,"Female",41372.9598185498,23,40.2358453876562,111.233600304927,"No"
642,45,"Male",28381.3421566879,31,38.5097388939888,88.5438813672085,"Yes"
643,64,"Female",63680.7697371797,22,69.8924365380742,130.714357596487,"Yes"
644,37,"Male",45031.6015701337,87,67.511310826985,85.0468907106312,"Yes"
645,18,"Female",51563.7446696855,29,75.6440930061295,99.6105628428793,"Yes"
646,22,"Male",50424.3094455612,30,57.7649590154134,107.752568078329,"No"
647,28,"Male",52998.2883510631,81,48.3875145516074,146.462519469307,"Yes"
648,64,"Female",50217.8191290074,57,39.5673930554938,112.303044766295,"No"
649,37,"Male",57537.5598964213,73,38.9923373786379,134.630960582642,"Yes"
650,19,"Male",60672.6361796368,4,45.0312605252922,85.4287475359565,"Yes"
651,79,"Male",43306.0368004265,71,62.8052092659645,65.0911938643295,"Yes"
652,65,"Female",35015.0663354113,2,56.6647056233911,117.787135703652,"Yes"
653,80,"Male",52436.6875899319,26,58.8950019727232,67.4306200062776,"Yes"
654,79,"Male",48803.9785626105,84,48.1287857226339,73.1557927221086,"No"
655,72,"Male",41923.9711100223,16,34.4636365707409,112.215404044767,"No"
656,68,"Female",50913.180272837,45,53.2640267177958,98.8844674666272,"No"
657,27,"Male",59257.6092895358,52,47.853880279355,116.940385633193,"No"
658,68,"Female",50537.9043537762,96,46.9604169285067,128.663494825355,"No"
659,76,"Male",37754.31104933,39,71.8417322839228,118.254897653212,"No"
660,66,"Male",53176.9023112382,34,58.6969128321855,107.646599622138,"No"
661,24,"Male",38545.5201931411,54,47.7159379631268,111.040372272573,"No"
662,78,"Male",52739.3584193325,77,30.9655358047668,102.896533036762,"Yes"
663,55,"Male",52034.9116870197,39,47.1335852927624,134.167845714505,"No"
664,61,"Male",65123.6232932748,36,59.9038892010019,101.047787649042,"Yes"
665,53,"Male",48097.9273204279,35,53.7282099271425,116.142876638713,"Yes"
666,70,"Female",57339.8200910647,49,52.7210736801552,81.1976743961497,"No"
667,40,"Female",58854.386865416,45,60.4509363912809,100.784844736945,"No"
668,68,"Male",47912.8930281865,88,48.3099001278518,60.0474534363182,"Yes"
669,51,"Female",35306.9966550467,68,46.5419797478324,102.774592033661,"Yes"
670,41,"Male",49646.6039738547,64,47.4603386633103,70.2344646772058,"No"
671,21,"Male",52999.0144763468,91,57.345129274607,97.3425123114338,"No"
672,71,"Male",53916.3711640414,80,47.3065186903568,95.197662514327,"Yes"
673,46,"Male",51740.2993388766,72,57.6030114243906,119.440385551835,"Yes"
674,75,"Female",47880.4221134815,67,37.718163806414,87.1553709823051,"No"
675,40,"Female",60906.0298287784,81,37.2893497861798,86.7164311370501,"Yes"
676,76,"Female",49697.6188287289,21,51.2738360830644,60.5397257835004,"No"
677,28,"Male",49091.926897439,30,57.6038315798803,112.407634015006,"No"
678,71,"Male",54572.5550686371,45,45.923470839778,121.773432365013,"Yes"
679,50,"Female",53926.0441199242,74,44.2257865508196,95.4784552210473,"No"
680,71,"Male",67597.1038995352,37,21.6062383309111,129.604758790267,"No"
681,73,"Male",62939.956948279,59,53.7432087422096,91.8048788911682,"No"
682,68,"Male",59825.8762165495,98,40.9714502125719,79.9535591603204,"Yes"
683,67,"Male",52622.0145254294,74,54.0257490618307,104.582907985475,"No"
684,76,"Female",43657.9836444392,4,64.272117229534,113.72569078989,"Yes"
685,65,"Male",39119.5381141658,88,45.0408095407267,70.1295925471552,"No"
686,20,"Female",40669.8387886418,20,56.9672538155388,67.2873319663461,"No"
687,50,"Female",41368.5414978926,43,48.4745422670237,100.928397618011,"Yes"
688,47,"Female",55023.8220410811,2,53.6860463571166,109.608705742586,"Yes"
689,51,"Female",44352.0495451411,46,38.4420061472044,53.1102725128745,"Yes"
690,19,"Female",48235.0850081036,100,54.1782359492811,65.8762500091504,"No"
691,57,"Male",63214.0317688275,97,63.0496154444897,106.1553987923,"Yes"
692,75,"Female",52725.6807551212,14,67.9671185562111,117.774689144334,"Yes"
693,37,"Male",50110.5621600882,87,38.1261934514292,92.3812882113905,"Yes"
694,31,"Male",42194.5372691684,6,55.3368500835722,124.008447411724,"Yes"
695,42,"Female",42988.9941740877,53,44.9197582923425,87.7242716474355,"Yes"
696,62,"Male",42406.3513304015,87,55.2272062810372,96.6660837478386,"No"
697,24,"Female",48297.400957118,50,48.2153613754357,126.994854822916,"No"
698,57,"Male",43437.1415421919,63,47.5196673439849,98.368852748477,"No"
699,78,"Male",51575.442341715,66,56.8209949673972,100.517462041702,"No"
700,52,"Male",60934.1476021905,36,57.4620152673584,82.0025858587076,"Yes"
701,48,"Male",53010.4243090724,32,52.7907703778607,101.340212087803,"Yes"
702,39,"Female",44415.1061213962,81,54.6404938204628,87.1146883060159,"No"
703,33,"Female",39246.2412383937,91,53.7846041253329,64.0112096611542,"Yes"
704,76,"Female",52007.8737236919,85,52.7837400155299,80.5901625592158,"Yes"
705,39,"Female",50840.2028454532,23,50.9123016010695,95.2270181882162,"Yes"
706,46,"Female",40736.0130046722,80,59.1561022576483,103.272634919543,"No"
707,73,"Female",53867.0071071837,61,57.0989929225534,121.360717926888,"No"
708,50,"Male",56604.1789260333,8,57.9393283857202,100.770684536441,"No"
709,61,"Female",47239.1196940809,66,61.069684984941,97.4518655134165,"No"
710,67,"Male",53128.2214116053,81,55.4933733301455,122.122667793861,"Yes"
711,70,"Female",43142.5048213464,35,48.4700167130533,148.301127861172,"No"
712,48,"Female",72682.044574342,2,39.1052957675474,98.2912450073759,"Yes"
713,63,"Male",33078.3947525579,33,45.1196754619841,123.559711810752,"No"
714,25,"Female",55878.375139535,10,41.300450826992,109.723657297597,"Yes"
715,41,"Male",50664.0785795855,83,47.0149141302475,98.4790804325272,"Yes"
716,77,"Male",35953.4387604732,30,44.7470542735961,61.5822990009805,"No"
717,47,"Female",46572.0246478318,58,48.0331418412305,80.6489450899395,"Yes"
718,40,"Female",42867.4298171744,91,39.7610008172575,88.8651213539795,"No"
719,54,"Male",45037.8942639758,97,43.7769788342605,77.7958563251308,"No"
720,49,"Male",43283.7874437505,63,53.5558715707793,76.7750012078716,"No"
721,34,"Female",46684.5054228561,18,52.1360595350262,91.7414903009988,"Yes"
722,43,"Male",51712.7611520946,4,45.9593031842786,119.037788689608,"No"
723,76,"Female",40206.0767888998,62,60.1282233205102,81.5963894699696,"No"
724,74,"Female",53209.9407018977,23,33.5887055866693,102.36350235922,"Yes"
725,74,"Male",40881.2884508409,2,54.8275860856042,95.9401440928048,"Yes"
726,60,"Female",63208.6542799529,42,65.6983056712062,115.8619959831,"Yes"
727,40,"Male",48553.0144726442,32,45.9215224175138,100.76873682952,"No"
728,43,"Male",40289.9548577275,96,53.8758491804085,96.6367401636396,"No"
729,53,"Female",47359.2920071577,1,44.4171199667572,88.3162118202882,"No"
730,62,"Female",57383.104523492,96,49.7798496375991,117.837973330357,"Yes"
731,25,"Female",53323.746152784,61,58.156034621224,122.78666152097,"No"
732,32,"Male",46559.138585532,65,40.8598551860644,100.388849669362,"No"
733,80,"Female",67055.9274729386,83,44.4517920225086,165.435655018829,"Yes"
734,76,"Male",53066.9903630339,40,55.3222334738485,99.9401357565308,"Yes"
735,53,"Male",47661.9380622354,92,54.1570968972446,158.476479002636,"No"
736,62,"Female",44276.2416630076,30,58.0685918181231,97.3224095586942,"Yes"
737,20,"Male",61880.7890746117,87,62.5274819689651,68.5858587566642,"No"
738,56,"Male",55482.1090120756,33,57.6985274178152,71.5046683965845,"Yes"
739,50,"Female",34777.6981777863,74,39.2236739278681,82.570601138244,"No"
740,55,"Male",60286.7725829217,48,51.5378136654396,129.568159648852,"Yes"
741,62,"Male",57891.9370350058,71,46.0091257975104,134.066466042524,"Yes"
742,43,"Female",53409.3759423337,23,49.9414250188721,107.952171859227,"No"
743,45,"Male",35056.3331678463,86,59.1736235538914,106.169905851362,"Yes"
744,43,"Male",47744.564067071,46,52.7615544386934,89.2608941472391,"Yes"
745,34,"Female",46922.6297560851,57,51.5518836020889,86.466488072642,"Yes"
746,40,"Male",51776.6708206277,63,48.7988525460222,85.6419379568073,"No"
747,70,"Male",27743.3657753084,74,53.9701850485698,82.5890001019807,"Yes"
748,55,"Female",59747.4095237932,30,38.2137481144186,89.2015510030335,"Yes"
749,27,"Female",34320.8610619595,85,45.7845197599288,87.5462046408273,"Yes"
750,62,"Female",47098.6516459737,100,66.1657603604283,110.570748991251,"No"
751,55,"Female",39143.3753116573,75,56.161228432977,115.416373433881,"No"
752,58,"Male",45128.0728868708,44,40.382059732352,132.063615088701,"Yes"
753,25,"Female",41172.2721904807,12,37.7144334065073,51.0275729274156,"Yes"
754,18,"Male",51868.5186832247,70,40.4066974641071,109.902393637985,"No"
755,33,"Male",48363.6094867357,69,55.801568565633,93.6306304342147,"No"
756,71,"Female",49116.9441921352,55,54.3315896458261,94.672187948994,"Yes"
757,19,"Male",56359.1745934829,16,44.3141769685888,67.1659178012351,"No"
758,57,"Male",59961.3760971867,47,46.3131565910107,99.3424389038823,"No"
759,31,"Female",60867.2979960286,58,59.7822806952561,84.4798578901862,"Yes"
760,29,"Female",54768.876148958,51,46.9292639003398,107.115188564959,"No"
761,43,"Female",47531.845736173,9,49.4159072015483,77.7438163161428,"No"
762,25,"Female",41206.4912777387,28,53.5253374715868,168.919839563996,"No"
763,80,"Male",38252.3485858401,65,48.1767236949111,84.3580226598402,"Yes"
764,58,"Male",63135.3063325151,50,42.649735955972,94.3559337733591,"No"
765,25,"Male",51016.3495607336,42,45.8705872484359,75.4246761737688,"No"
766,74,"Male",69177.559763841,17,39.1899956480132,93.496540068724,"No"
767,26,"Female",57720.5525776047,90,54.6931261600767,142.685092108166,"No"
768,69,"Male",56081.7937179646,84,63.3204012251754,92.2621583413731,"Yes"
769,50,"Male",48501.9136017614,50,52.442626358691,112.204077156381,"No"
770,20,"Male",59029.5378476979,38,58.1272922619384,81.2044044972817,"Yes"
771,57,"Female",60068.6185393862,57,43.4886497506567,130.76727176032,"No"
772,19,"Female",28955.4112274508,75,48.5969122373643,109.367031963322,"No"
773,18,"Male",49446.3707070268,75,48.6388784340639,85.667339446023,"No"
774,26,"Female",48572.5737184732,20,35.6935937490079,104.60877889724,"Yes"
775,72,"Male",54481.8239531811,39,50.8889294253109,92.2627261737246,"Yes"
776,24,"Male",69378.3854165727,78,54.7923725896901,110.174169330157,"No"
777,30,"Female",69304.8278756526,22,56.834064555388,83.8120680531068,"No"
778,46,"Female",56375.7638396926,88,63.156540407747,109.264317193667,"Yes"
779,37,"Male",53785.4227725626,22,35.273505632225,131.66356722008,"No"
780,31,"Male",76441.7154358987,57,56.1765145902061,125.255232559368,"Yes"
781,77,"Male",57251.5730122525,70,57.170740728326,106.0998502557,"Yes"
782,33,"Female",36905.3790367339,89,47.8997419197522,106.673532696284,"No"
783,24,"Female",41311.3678017549,24,56.0245933274862,108.430060178773,"No"
784,53,"Male",49864.3114324414,51,35.854675252583,117.967595112853,"No"
785,62,"Female",59994.7208973978,26,52.1439467394077,107.718542937232,"No"
786,29,"Female",44111.0983090569,2,18.7091180860829,112.121802346166,"No"
787,42,"Female",55436.9246297599,20,53.1205830314547,112.756230550456,"Yes"
788,44,"Female",36623.3262362701,13,66.0156345500434,104.555876874225,"Yes"
789,30,"Male",52930.553070366,76,65.4198702770824,114.408988481614,"No"
790,37,"Female",47297.6816386053,47,23.403306202641,101.156787134493,"Yes"
791,27,"Male",63100.5224880697,98,55.3502684268414,120.225727725205,"Yes"
792,47,"Female",66931.8875929913,87,46.5027900565302,91.4349725453451,"Yes"
793,80,"Male",51503.1419247553,61,49.7499194190354,103.875418844744,"Yes"
794,58,"Female",53145.5432456706,60,27.838665442865,100.649282237124,"No"
795,29,"Male",49480.0556826431,86,53.8504050117514,78.5169089171254,"Yes"
796,25,"Male",59561.090275702,6,44.7327931225712,123.976519794761,"No"
797,24,"Female",51939.0719090425,80,53.7388948889887,76.7513357319862,"Yes"
798,74,"Male",44519.689904305,89,48.0878179964338,126.102584423248,"Yes"
799,32,"Female",53059.6372567719,90,39.7456244462772,78.6306704856497,"Yes"
800,36,"Male",42772.3003148797,79,53.3319633610716,80.3583306883372,"No"
801,66,"Female",40495.8148756639,41,55.9506907131114,117.217769821494,"Yes"
802,60,"Male",52130.6373550019,51,50.5431928743073,98.3651014566414,"Yes"
803,56,"Female",56094.9716191843,98,55.6710158743808,63.096183213928,"No"
804,68,"Female",54423.8796694088,79,45.3598937126402,130.068407642675,"Yes"
805,80,"Male",46430.6038435274,62,62.8480081505999,50.2294513839231,"Yes"
806,40,"Female",67519.1672586812,8,46.4202771819434,86.1494795735935,"Yes"
807,75,"Female",41511.7709057778,5,44.2034811015405,69.5932131344735,"Yes"
808,52,"Male",49631.5095037795,53,60.4159278248064,88.6406499577208,"No"
809,23,"Male",45552.3647884952,18,61.1488218107788,101.773622582622,"No"
810,24,"Male",54785.1811482487,94,56.8065563710108,93.3291844901954,"No"
811,21,"Male",49221.3755970863,81,52.205066599261,88.4229170017937,"No"
812,27,"Male",49963.9037639619,32,65.948859846481,96.7240828854153,"No"
813,34,"Female",54898.3101743714,20,39.893591060865,105.38330821516,"Yes"
814,65,"Female",37851.375296809,78,61.377699929415,82.88480835826,"Yes"
815,25,"Male",48029.0315436246,20,67.1439383448494,58.5028754669849,"No"
816,70,"Male",67086.5089908714,66,50.5460957413673,81.4830827142409,"Yes"
817,20,"Male",42403.9861643174,38,55.857220039454,61.9128441745164,"No"
818,61,"Female",59723.6956545031,61,56.0970219364264,112.706774677322,"Yes"
819,70,"Male",39681.5961706057,92,61.9358200831037,137.403167758587,"Yes"
820,63,"Male",57685.8662660096,87,41.4118957337923,77.0907612303744,"No"
821,54,"Female",53012.8505996004,61,58.9570619334897,82.2912911165898,"Yes"
822,31,"Female",54245.6058064873,29,32.9105293383107,82.4893219862566,"Yes"
823,45,"Female",50065.7105667664,71,70.7690354539009,115.767809126832,"No"
824,23,"Male",57412.9774851192,23,44.2866024070455,100.626893679484,"No"
825,26,"Male",65590.074874112,7,46.8380903451329,109.778956318879,"Yes"
826,50,"Male",45828.3124846758,19,52.5888517664979,115.429397573824,"Yes"
827,69,"Female",45796.7703699887,86,37.4968793979633,104.956692173383,"Yes"
828,63,"Male",56971.8586446273,95,47.3710515676401,108.956632762766,"No"
829,36,"Female",47890.3839108412,42,50.6148744046557,76.7486946955707,"No"
830,54,"Male",65410.8549756465,48,46.6003251182191,98.7642343579233,"No"
831,51,"Male",52848.3195966302,30,70.2629406134448,87.6779307086616,"Yes"
832,18,"Female",53219.6137608138,22,32.1323934904356,73.9034139274474,"No"
833,45,"Female",39314.7393125673,92,48.9461158435809,76.6203131394716,"Yes"
834,69,"Female",64257.1586185932,61,61.7884728859329,118.752190954345,"No"
835,47,"Male",61995.7020023391,1,41.6383519553646,73.9890602592819,"Yes"
836,21,"Female",33219.6359312989,92,48.6104887819401,91.913439464766,"No"
837,76,"Female",68288.0616342242,1,69.4328489677314,119.651300984506,"No"
838,43,"Female",44647.9114391505,52,31.3265440234961,106.585189863028,"Yes"
839,75,"Female",41643.3935900041,81,41.9640213484192,113.046944669088,"Yes"
840,28,"Male",42415.3009959102,1,38.0159143742194,106.627587162296,"Yes"
841,22,"Female",36758.7009830344,83,56.2952138428992,97.0224932565392,"No"
842,71,"Female",57884.6747109404,66,41.3387147703942,56.0056484408089,"No"
843,53,"Male",36232.815350112,32,54.6780560296681,87.8232297020695,"Yes"
844,36,"Female",39296.0475842237,65,43.5419361779343,72.4338405986508,"No"
845,52,"Female",40132.5906858589,31,48.4747444034152,92.4383142826352,"No"
846,50,"Female",55365.8618418783,9,58.5621487937664,141.082141462339,"No"
847,56,"Female",45547.9341608062,2,51.3700375362853,102.764508065278,"Yes"
848,22,"Male",49964.9856301743,57,30.5929454603365,85.617074444933,"Yes"
849,78,"Male",43761.8590457126,62,44.6411253253878,117.77384881311,"Yes"
850,40,"Male",54608.4692520159,42,57.1359509767663,109.827458569494,"No"
851,58,"Female",44224.7988016158,66,68.6014831963883,98.3929986178845,"No"
852,42,"Male",66876.0856568398,26,38.8517385502495,95.4473749895057,"No"
853,80,"Male",50256.6051708913,84,47.7137896391047,97.0902883353904,"No"
854,73,"Female",44096.9283831908,84,49.1841012014512,98.5715994884941,"No"
855,66,"Female",63820.2180321928,64,42.6743351263783,112.390604892978,"Yes"
856,38,"Male",50319.0133667434,59,36.1736717694424,102.553133524938,"No"
857,22,"Male",39974.9330597758,63,68.3879660034406,87.4524670860403,"No"
858,73,"Male",40443.3492498876,45,64.7833445941722,116.687429878758,"Yes"
859,29,"Female",54905.6567640341,73,35.9321328339219,86.0319210337674,"No"
860,19,"Female",38205.8262761905,76,31.1602786787215,126.184809643774,"No"
861,71,"Female",65567.5442590884,35,47.2263377239272,80.3964474622327,"No"
862,35,"Male",40957.3899485143,92,54.3042780519125,114.959702054911,"No"
863,21,"Female",34972.9709707324,30,48.7121333194529,125.155932413616,"No"
864,59,"Female",34351.626369892,30,61.292645954138,124.443667047556,"Yes"
865,64,"Female",40058.2734970629,87,47.5347150698885,97.7567831459896,"No"
866,40,"Female",55575.2815567011,35,38.3445218420934,113.844002858684,"Yes"
867,71,"Female",30672.2046068103,87,65.1988229295041,57.2471700028974,"Yes"
868,25,"Female",45119.2065891516,78,47.6597325618736,108.884719680805,"No"
869,18,"Female",49293.0264081228,54,47.1602641296107,97.814262512842,"Yes"
870,73,"Male",35804.1274698276,46,47.36841715879,111.996493115649,"Yes"
871,28,"Male",51895.4845682305,49,50.5600430375822,102.175181473768,"Yes"
872,54,"Male",23775.6619668169,31,26.8133811033321,125.895937972336,"No"
873,28,"Male",33230.5606611878,30,56.8329713201778,96.5869848868389,"Yes"
874,32,"Male",65427.5628307661,28,57.2123189871161,114.674790373921,"Yes"
875,32,"Female",66812.303146071,80,56.2924519081087,97.8808783676157,"Yes"
876,74,"Male",60431.0166880177,53,45.8887437982346,113.115251439024,"Yes"
877,73,"Male",75409.7110466049,22,50.9930842688087,75.3746781326141,"No"
878,59,"Male",44382.2048713614,55,35.6508732835551,112.131390280783,"Yes"
879,32,"Male",67440.4599606067,21,53.5978035427046,92.2081908753622,"No"
880,32,"Male",38585.4042448215,29,41.8294464294521,107.896300402621,"Yes"
881,69,"Male",59093.3344314588,32,63.1689292485862,82.493629024449,"Yes"
882,61,"Male",33067.0460235741,68,40.741764320092,110.832818242517,"Yes"
883,58,"Male",55383.0841642251,62,29.4091461706454,159.830506546627,"No"
884,78,"Female",28528.6014062146,76,51.7265918396297,130.810410129717,"No"
885,42,"Male",33457.0180238623,67,33.6944386735415,119.607575898096,"Yes"
886,53,"Male",38278.593210962,14,40.721533808907,87.6197006323667,"Yes"
887,20,"Male",42608.9949743038,54,58.0403229014251,106.497209325339,"No"
888,24,"Male",51925.0114563441,94,68.723317486393,96.8332333810782,"Yes"
889,21,"Male",48102.6234774661,14,47.3732190998516,60.2974221038618,"No"
890,73,"Male",63336.8507716587,18,59.7165129768058,95.1966420580525,"No"
891,57,"Male",64877.9749441808,52,36.2263613830804,93.6692390746547,"Yes"
892,70,"Female",58605.7329554745,10,67.3050131428386,98.2073936825543,"No"
893,54,"Female",45900.1176812492,30,49.9491281854487,89.3598601258591,"No"
894,41,"Male",50096.0373544255,89,42.201197565805,113.036579195262,"Yes"
895,55,"Male",48557.3457978251,80,53.9754392141563,138.371611594057,"No"
896,21,"Female",60010.6639740216,13,41.9075106329286,123.113143026877,"No"
897,20,"Male",49256.597142204,44,50.5032303024865,113.203703583369,"No"
898,28,"Male",42476.1076900396,26,51.0177204172181,101.101381751671,"No"
899,27,"Female",55517.4178278627,90,61.6912354606323,101.514647605493,"Yes"
900,46,"Male",28217.8327860056,24,44.3340890610296,123.150451636264,"No"
901,40,"Female",50925.1114064225,95,46.2465971167644,125.632977987953,"No"
902,22,"Male",43129.0042175411,41,51.2399353899611,88.1610628580466,"Yes"
903,41,"Female",46498.2747271682,32,58.9737447773332,118.996066990064,"Yes"
904,49,"Male",55999.3324867329,27,68.9559699317342,76.3378042985142,"Yes"
905,42,"Male",52324.4042731087,10,65.8218645567045,76.1468279044251,"No"
906,28,"Female",56249.390147503,90,59.6025535378317,131.915666695886,"No"
907,27,"Female",50277.9427838611,10,30.9692302289554,100.738785370036,"No"
908,32,"Male",41612.1736921609,2,59.4732475387524,100.675641988665,"No"
909,68,"Female",39821.8941998461,70,57.5342037217301,119.580460393679,"No"
910,77,"Male",49521.9788569626,92,43.0220287297817,96.066868277083,"No"
911,48,"Female",70222.4486960497,57,44.3506978896575,83.0667122503496,"No"
912,27,"Female",33023.6886682754,66,36.3084965505802,102.767146499724,"Yes"
913,62,"Male",51683.8284222918,45,49.8745302522039,65.827333279405,"No"
914,76,"Female",44777.6705940693,82,50.9063001567831,90.5506779292003,"Yes"
915,41,"Male",42682.0996009239,18,32.4644953935542,96.8651967813157,"Yes"
916,52,"Male",55564.5451770303,75,34.1866236702496,71.1487463040882,"Yes"
917,67,"Female",47594.37318077,7,51.7448507741738,103.695286718753,"Yes"
918,27,"Male",63655.8767075111,14,39.7311606163227,85.3453379471225,"Yes"
919,25,"Male",42212.5605190989,56,47.0078367763052,122.281550664695,"Yes"
920,61,"Female",32568.4344438365,50,60.0771668611063,94.3791592705401,"No"
921,59,"Male",37883.7751389252,34,45.7408879871665,78.1799944670367,"Yes"
922,49,"Male",37795.342306535,48,51.2706431482695,104.784454754745,"No"
923,56,"Female",57313.0582058338,82,56.1577102458316,98.9356463188498,"No"
924,24,"Female",51179.6923496636,62,38.7534228897886,100.806357644645,"No"
925,55,"Female",56056.5917653982,24,62.4267702194518,104.309094886923,"Yes"
926,34,"Male",52552.6025094932,73,59.1701535727972,92.1195799972813,"No"
927,37,"Male",59393.4316510361,41,62.7296529299446,93.4681825241207,"No"
928,50,"Male",61899.941454866,1,45.7379889709984,112.960076367098,"Yes"
929,54,"Male",59520.8277950688,64,35.3568041039865,132.534740325941,"No"
930,27,"Female",45716.986379181,34,55.1116294978088,61.4861245300734,"No"
931,62,"Female",41269.7992167377,61,56.1853225178425,97.2863917497098,"No"
932,27,"Female",55398.3392427106,93,75.4036862385644,119.593646098576,"Yes"
933,19,"Female",59250.3262095626,90,67.1949292604995,76.4157613579863,"No"
934,32,"Female",40317.4136896811,38,45.3511723548634,123.336267491133,"Yes"
935,40,"Female",58269.9543424496,50,39.9322270980704,92.4154516940546,"Yes"
936,64,"Male",43054.955449627,99,56.209889634439,114.155042428347,"Yes"
937,57,"Female",47418.7005280456,17,69.9324249254339,129.475315562035,"Yes"
938,52,"Female",44904.8859220067,98,38.1686603449171,117.971536667127,"Yes"
939,19,"Female",45908.8269399666,2,42.1949839141351,124.286300461308,"No"
940,23,"Male",23446.6815787836,38,67.4769498790242,55.843458832204,"No"
941,63,"Female",52518.6312895876,96,68.3718698216698,74.532743926904,"No"
942,76,"Male",40684.4875625985,14,51.9455641444648,111.629333157786,"No"
943,64,"Female",43732.1353712425,1,33.7976971576156,81.7843840361569,"Yes"
944,68,"Male",38980.6361815513,57,44.5742947257676,88.9625100899809,"Yes"
945,26,"Female",48752.2556149554,63,61.6741884047502,127.684444932893,"Yes"
946,40,"Male",47105.8351793887,61,71.5373357487731,102.329882474461,"No"
947,42,"Male",59445.854587092,100,49.8412345982747,100.906357569663,"Yes"
948,32,"Male",57101.7737919538,58,43.68554866036,95.0882873596881,"No"
949,39,"Male",54997.8878741507,20,53.0528731624952,68.0420896256715,"Yes"
950,65,"Female",29342.4777989566,77,51.4487860389208,62.3885206994325,"No"
951,25,"Male",53133.8961937215,47,40.9066469380947,95.6446751233925,"Yes"
952,46,"Female",30615.9376632168,43,55.9188417371919,107.094775898722,"No"
953,58,"Female",73770.8034279436,39,63.9044430779123,73.6211043769405,"No"
954,38,"Female",50952.575631578,57,50.1312042728545,63.8443980568677,"No"
955,72,"Female",37717.4014092193,92,56.257502005599,125.510182738382,"No"
956,65,"Male",49995.4720270929,59,52.5208503319734,110.139967022383,"Yes"
957,26,"Male",51816.233310046,58,54.6156609381085,109.641897433793,"Yes"
958,51,"Male",60591.296455613,22,47.8637690959014,118.341929955497,"No"
959,73,"Female",61657.93688532,44,61.9787605791361,111.094871408466,"No"
960,58,"Male",11748.0723025546,57,52.3180313344191,78.8899463679789,"No"
961,60,"Male",59734.1265873364,36,44.9715854804926,125.003101111691,"No"
962,73,"Female",31252.9085037216,99,56.3045713048706,74.4527989318624,"Yes"
963,28,"Male",56963.0079047179,81,59.5729752578092,90.4282335855944,"No"
964,21,"Male",34482.9079428077,70,49.2551713685834,106.671912424681,"Yes"
965,24,"Female",47827.9724327334,34,23.2183558917907,105.619969383023,"Yes"
966,73,"Male",52003.340468932,61,66.3616438658732,111.786710014297,"No"
967,67,"Female",72444.6004400489,38,42.4936945136362,117.531841587784,"No"
968,77,"Male",44018.6516435012,47,46.5085609237622,83.8065533852802,"No"
969,28,"Female",73763.9885208082,78,66.1863073979497,74.2514742443436,"Yes"
970,71,"Male",35771.447632597,8,31.0196011149784,76.6453382209601,"No"
971,50,"Female",45823.3703552506,35,38.934556395689,111.489662740783,"Yes"
972,28,"Female",43280.9986655714,55,42.5054929124861,90.7449144719806,"No"
973,77,"Male",40606.9206041527,40,36.8711862987211,108.258242572561,"No"
974,75,"Female",55003.4253105357,72,61.0328832396475,123.65963221483,"Yes"
975,55,"Male",54957.7943063985,6,62.6449613364349,86.5653204624812,"Yes"
976,38,"Male",27077.3425261951,26,55.0087613110052,118.493978946631,"No"
977,27,"Male",40374.9423547594,52,45.6059417427315,87.102149681435,"No"
978,74,"Female",33141.6039030716,43,45.7632002438786,112.336277697998,"No"
979,67,"Female",62209.2585828735,4,44.3192692779267,100.681491962078,"No"
980,20,"Male",58589.5596422817,11,44.7529363371817,82.9912110402491,"No"
981,52,"Female",54951.2506930349,20,54.8282559386998,118.957007434603,"Yes"
982,51,"Female",68963.1570296305,24,59.0926336539275,114.452087973345,"No"
983,75,"Male",50458.4283946306,87,45.4342231298125,82.6278749535409,"No"
984,57,"Female",53232.2083595191,4,53.1899039896686,100.754036094901,"Yes"
985,45,"Male",39027.4677865214,4,26.1420724910513,150.447961408564,"Yes"
986,30,"Male",71192.2005527909,84,50.7583697315758,84.9627441878819,"Yes"
987,25,"Male",47913.7472015695,64,41.215581436251,96.6657427501237,"No"
988,19,"Male",44127.3062083269,99,60.9853317980308,128.05786139689,"No"
989,76,"Female",45157.9293774729,1,61.8582440763367,77.7260454642788,"Yes"
990,23,"Female",72291.4950114343,15,28.0350461889604,147.60827273022,"Yes"
991,40,"Male",39451.0784561393,80,59.2231751847207,86.6539571048454,"Yes"
992,34,"Male",54654.0788064201,98,44.3427160628216,89.5713560735566,"Yes"
993,49,"Male",48065.8156394992,82,48.360589783222,99.2289248775915,"Yes"
994,31,"Female",59653.6417540632,11,58.9850082701544,121.493528435493,"Yes"
995,24,"Male",58676.1210640202,57,56.8916731902298,164.710856330867,"No"
996,30,"Male",39245.436013972,33,41.8097675465732,109.666292703641,"No"
997,25,"Male",26038.8764710753,13,53.2006675697622,112.392324384091,"No"
998,55,"Female",68459.4894182174,1,45.3292476878414,72.5294265141372,"No"
999,28,"Female",71434.1412309924,63,62.5185533604649,102.824834776745,"Yes"
1000,59,"Male",43504.0344542738,64,34.2852741447001,52.8043472185816,"Yes"
